Date,Open,High,Low,Close
7/18/2010 0:00,0.05,0.09,0.06,0.09
7/19/2010 0:00,0.09,0.09,0.08,0.08
7/20/2010 0:00,0.08,0.08,0.07,0.07
7/21/2010 0:00,0.07,0.08,0.07,0.08
7/22/2010 0:00,0.08,0.08,0.05,0.05
7/23/2010 0:00,0.05,0.07,0.05,0.06
7/24/2010 0:00,0.06,0.06,0.05,0.05
7/25/2010 0:00,0.05,0.06,0.05,0.05
7/26/2010 0:00,0.05,0.06,0.05,0.06
7/27/2010 0:00,0.06,0.06,0.05,0.06
7/28/2010 0:00,0.06,0.06,0.05,0.06
7/29/2010 0:00,0.06,0.07,0.06,0.07
7/30/2010 0:00,0.07,0.07,0.06,0.06
7/31/2010 0:00,0.06,0.07,0.06,0.07
8/1/2010 0:00,0.07,0.06,0.06,0.06
8/2/2010 0:00,0.06,0.06,0.06,0.06
8/3/2010 0:00,0.06,0.06,0.06,0.06
8/4/2010 0:00,0.06,0.06,0.06,0.06
8/5/2010 0:00,0.06,0.06,0.06,0.06
8/6/2010 0:00,0.06,0.06,0.06,0.06
8/7/2010 0:00,0.06,0.06,0.06,0.06
8/8/2010 0:00,0.06,0.06,0.06,0.06
8/9/2010 0:00,0.06,0.07,0.06,0.07
8/10/2010 0:00,0.07,0.07,0.07,0.07
8/11/2010 0:00,0.07,0.08,0.06,0.07
8/12/2010 0:00,0.07,0.07,0.06,0.07
8/13/2010 0:00,0.07,0.07,0.06,0.06
8/14/2010 0:00,0.06,0.07,0.06,0.07
8/15/2010 0:00,0.07,0.07,0.06,0.07
8/16/2010 0:00,0.07,0.07,0.06,0.07
8/17/2010 0:00,0.07,0.08,0.06,0.07
8/18/2010 0:00,0.07,0.07,0.07,0.07
8/19/2010 0:00,0.07,0.07,0.07,0.07
8/20/2010 0:00,0.07,0.07,0.06,0.07
8/21/2010 0:00,0.07,0.07,0.06,0.07
8/22/2010 0:00,0.07,0.07,0.06,0.07
8/23/2010 0:00,0.07,0.07,0.06,0.06
8/24/2010 0:00,0.06,0.07,0.06,0.06
8/25/2010 0:00,0.06,0.07,0.06,0.06
8/26/2010 0:00,0.06,0.07,0.06,0.06
8/27/2010 0:00,0.06,0.06,0.06,0.06
8/28/2010 0:00,0.06,0.06,0.06,0.06
8/29/2010 0:00,0.06,0.06,0.06,0.06
8/30/2010 0:00,0.06,0.07,0.03,0.06
8/31/2010 0:00,0.06,0.06,0.06,0.06
9/1/2010 0:00,0.06,0.06,0.06,0.06
9/2/2010 0:00,0.06,0.06,0.06,0.06
9/3/2010 0:00,0.06,0.06,0.06,0.06
9/4/2010 0:00,0.06,0.06,0.06,0.06
9/5/2010 0:00,0.06,0.06,0.06,0.06
9/6/2010 0:00,0.06,0.06,0.06,0.06
9/7/2010 0:00,0.06,0.06,0.06,0.06
9/8/2010 0:00,0.06,0.06,0.06,0.06
9/9/2010 0:00,0.06,0.06,0.06,0.06
9/10/2010 0:00,0.06,0.06,0.06,0.06
9/11/2010 0:00,0.06,0.06,0.06,0.06
9/12/2010 0:00,0.06,0.06,0.06,0.06
9/13/2010 0:00,0.06,0.06,0.06,0.06
9/14/2010 0:00,0.06,0.17,0.06,0.06
9/15/2010 0:00,0.06,0.06,0.06,0.06
9/16/2010 0:00,0.06,0.06,0.06,0.06
9/17/2010 0:00,0.06,0.06,0.06,0.06
9/18/2010 0:00,0.06,0.06,0.06,0.06
9/19/2010 0:00,0.06,0.06,0.06,0.06
9/20/2010 0:00,0.06,0.06,0.06,0.06
9/21/2010 0:00,0.06,0.06,0.06,0.06
9/22/2010 0:00,0.06,0.06,0.06,0.06
9/23/2010 0:00,0.06,0.06,0.06,0.06
9/24/2010 0:00,0.06,0.06,0.06,0.06
9/25/2010 0:00,0.06,0.06,0.06,0.06
9/26/2010 0:00,0.06,0.06,0.06,0.06
9/27/2010 0:00,0.06,0.06,0.06,0.06
9/28/2010 0:00,0.06,0.06,0.06,0.06
9/29/2010 0:00,0.06,0.06,0.06,0.06
9/30/2010 0:00,0.06,0.06,0.06,0.06
10/1/2010 0:00,0.06,0.06,0.06,0.06
10/2/2010 0:00,0.06,0.06,0.06,0.06
10/3/2010 0:00,0.06,0.06,0.06,0.06
10/4/2010 0:00,0.06,0.06,0.06,0.06
10/5/2010 0:00,0.06,0.06,0.06,0.06
10/6/2010 0:00,0.06,0.06,0.06,0.06
10/7/2010 0:00,0.06,0.07,0.06,0.07
10/8/2010 0:00,0.07,0.09,0.01,0.09
10/9/2010 0:00,0.09,0.12,0.07,0.09
10/10/2010 0:00,0.09,0.13,0.08,0.1
10/11/2010 0:00,0.1,0.1,0.09,0.09
10/12/2010 0:00,0.09,0.1,0.08,0.09
10/13/2010 0:00,0.09,0.1,0.09,0.1
10/14/2010 0:00,0.1,0.1,0.06,0.1
10/15/2010 0:00,0.1,0.12,0.09,0.1
10/16/2010 0:00,0.1,0.1,0.1,0.1
10/17/2010 0:00,0.1,0.1,0.1,0.1
10/18/2010 0:00,0.1,0.1,0.1,0.1
10/19/2010 0:00,0.1,0.1,0.1,0.1
10/20/2010 0:00,0.1,0.1,0.09,0.1
10/21/2010 0:00,0.1,0.11,0.1,0.11
10/22/2010 0:00,0.11,0.11,0.1,0.1
10/23/2010 0:00,0.1,0.11,0.1,0.11
10/24/2010 0:00,0.11,0.19,0.11,0.11
10/25/2010 0:00,0.11,0.19,0.09,0.13
10/26/2010 0:00,0.13,0.18,0.13,0.15
10/27/2010 0:00,0.15,0.19,0.15,0.19
10/28/2010 0:00,0.19,0.19,0.17,0.17
10/29/2010 0:00,0.17,0.19,0.17,0.19
10/30/2010 0:00,0.19,0.2,0.19,0.2
10/31/2010 0:00,0.2,0.2,0.17,0.19
11/1/2010 0:00,0.19,0.2,0.17,0.2
11/2/2010 0:00,0.2,0.19,0.19,0.19
11/3/2010 0:00,0.19,0.27,0.12,0.19
11/4/2010 0:00,0.19,0.24,0.19,0.23
11/5/2010 0:00,0.23,0.26,0.21,0.26
11/6/2010 0:00,0.26,0.5,0.24,0.39
11/7/2010 0:00,0.39,0.47,0.29,0.34
11/8/2010 0:00,0.34,0.37,0.23,0.24
11/9/2010 0:00,0.24,0.32,0.2,0.21
11/10/2010 0:00,0.21,0.24,0.14,0.24
11/11/2010 0:00,0.24,0.24,0.21,0.22
11/12/2010 0:00,0.22,0.29,0.22,0.27
11/13/2010 0:00,0.27,0.3,0.27,0.28
11/14/2010 0:00,0.28,0.3,0.27,0.28
11/15/2010 0:00,0.28,0.28,0.27,0.27
11/16/2010 0:00,0.27,0.27,0.22,0.22
11/17/2010 0:00,0.22,0.29,0.21,0.23
11/18/2010 0:00,0.23,0.28,0.22,0.27
11/19/2010 0:00,0.27,0.28,0.27,0.28
11/20/2010 0:00,0.28,0.29,0.27,0.28
11/21/2010 0:00,0.28,0.28,0.28,0.28
11/22/2010 0:00,0.28,0.29,0.27,0.29
11/23/2010 0:00,0.29,0.28,0.28,0.28
11/24/2010 0:00,0.28,0.28,0.28,0.28
11/25/2010 0:00,0.28,0.28,0.28,0.28
11/26/2010 0:00,0.28,0.29,0.28,0.28
11/27/2010 0:00,0.28,0.28,0.28,0.28
11/28/2010 0:00,0.28,0.28,0.27,0.27
11/29/2010 0:00,0.27,0.28,0.22,0.23
11/30/2010 0:00,0.23,0.23,0.2,0.21
12/1/2010 0:00,0.21,0.23,0.21,0.23
12/2/2010 0:00,0.23,0.26,0.22,0.25
12/3/2010 0:00,0.25,0.26,0.24,0.25
12/4/2010 0:00,0.25,0.26,0.2,0.2
12/5/2010 0:00,0.2,0.23,0.19,0.19
12/6/2010 0:00,0.19,0.22,0.18,0.2
12/7/2010 0:00,0.2,0.25,0.17,0.23
12/8/2010 0:00,0.23,0.24,0.22,0.24
12/9/2010 0:00,0.24,0.23,0.17,0.2
12/10/2010 0:00,0.2,0.2,0.18,0.2
12/11/2010 0:00,0.2,0.23,0.19,0.23
12/12/2010 0:00,0.23,0.23,0.21,0.22
12/13/2010 0:00,0.22,0.23,0.21,0.23
12/14/2010 0:00,0.23,0.25,0.21,0.25
12/15/2010 0:00,0.25,0.25,0.24,0.24
12/16/2010 0:00,0.24,0.25,0.22,0.25
12/17/2010 0:00,0.25,0.25,0.24,0.24
12/18/2010 0:00,0.24,0.25,0.24,0.24
12/19/2010 0:00,0.24,0.25,0.24,0.24
12/20/2010 0:00,0.24,0.27,0.24,0.27
12/21/2010 0:00,0.27,0.27,0.24,0.24
12/22/2010 0:00,0.24,0.25,0.24,0.25
12/23/2010 0:00,0.25,0.25,0.24,0.25
12/24/2010 0:00,0.25,0.25,0.24,0.25
12/25/2010 0:00,0.25,0.25,0.25,0.25
12/26/2010 0:00,0.25,0.27,0.25,0.26
12/27/2010 0:00,0.26,0.27,0.25,0.26
12/28/2010 0:00,0.26,0.28,0.26,0.28
12/29/2010 0:00,0.28,0.3,0.27,0.3
12/30/2010 0:00,0.3,0.3,0.29,0.3
12/31/2010 0:00,0.3,0.3,0.29,0.3
1/1/2011 0:00,0.3,0.3,0.29,0.3
1/2/2011 0:00,0.3,0.3,0.29,0.3
1/3/2011 0:00,0.3,0.3,0.29,0.29
1/4/2011 0:00,0.29,0.3,0.29,0.3
1/5/2011 0:00,0.3,0.3,0.29,0.3
1/6/2011 0:00,0.3,0.3,0.29,0.3
1/7/2011 0:00,0.3,0.32,0.3,0.32
1/8/2011 0:00,0.32,0.32,0.31,0.32
1/9/2011 0:00,0.32,0.32,0.32,0.32
1/10/2011 0:00,0.32,0.33,0.32,0.33
1/11/2011 0:00,0.33,0.33,0.32,0.33
1/12/2011 0:00,0.33,0.36,0.32,0.32
1/13/2011 0:00,0.32,0.4,0.32,0.32
1/14/2011 0:00,0.32,0.45,0.32,0.4
1/15/2011 0:00,0.4,0.4,0.38,0.39
1/16/2011 0:00,0.39,0.4,0.39,0.39
1/17/2011 0:00,0.39,0.39,0.31,0.35
1/18/2011 0:00,0.35,0.35,0.3,0.31
1/19/2011 0:00,0.31,0.31,0.3,0.31
1/20/2011 0:00,0.31,0.39,0.31,0.39
1/21/2011 0:00,0.39,0.44,0.37,0.42
1/22/2011 0:00,0.42,0.44,0.39,0.44
1/23/2011 0:00,0.44,0.44,0.42,0.44
1/24/2011 0:00,0.44,0.44,0.38,0.42
1/25/2011 0:00,0.42,0.42,0.4,0.41
1/26/2011 0:00,0.41,0.42,0.39,0.42
1/27/2011 0:00,0.42,0.45,0.41,0.42
1/28/2011 0:00,0.42,0.45,0.42,0.45
1/29/2011 0:00,0.45,0.44,0.43,0.44
1/30/2011 0:00,0.44,0.48,0.44,0.48
1/31/2011 0:00,0.48,0.95,0.47,0.52
2/1/2011 0:00,0.52,0.85,0.52,0.7
2/2/2011 0:00,0.7,0.76,0.69,0.72
2/3/2011 0:00,0.72,0.75,0.65,0.69
2/4/2011 0:00,0.69,0.88,0.67,0.81
2/5/2011 0:00,0.81,0.92,0.81,0.92
2/6/2011 0:00,0.92,0.92,0.83,0.9
2/7/2011 0:00,0.9,0.9,0.83,0.89
2/8/2011 0:00,0.89,0.92,0.86,0.92
2/9/2011 0:00,0.92,1.09,0.82,1.09
2/10/2011 0:00,1.09,1.1,0.8,0.98
2/11/2011 0:00,0.98,1.09,0.93,1.07
2/12/2011 0:00,1.07,1.08,0.99,1.08
2/13/2011 0:00,1.08,1.08,1.02,1.05
2/14/2011 0:00,1.05,1.08,1.03,1.07
2/15/2011 0:00,1.07,1.08,1.03,1.05
2/16/2011 0:00,1.05,1.05,1.02,1.04
2/17/2011 0:00,1.04,1.05,1.02,1.04
2/18/2011 0:00,1.04,1.04,0.78,0.9
2/19/2011 0:00,0.9,0.98,0.84,0.95
2/20/2011 0:00,0.95,0.95,0.83,0.85
2/21/2011 0:00,0.85,0.88,0.83,0.83
2/22/2011 0:00,0.83,0.95,0.83,0.87
2/23/2011 0:00,0.87,0.94,0.87,0.9
2/24/2011 0:00,0.9,1,0.9,1
2/25/2011 0:00,1,1,0.91,0.91
2/26/2011 0:00,0.91,0.97,0.91,0.96
2/27/2011 0:00,0.96,0.96,0.89,0.89
2/28/2011 0:00,0.89,0.92,0.84,0.86
3/1/2011 0:00,0.86,0.97,0.85,0.92
3/2/2011 0:00,0.92,0.94,0.91,0.94
3/3/2011 0:00,0.94,0.94,0.91,0.94
3/4/2011 0:00,0.94,0.94,0.9,0.9
3/5/2011 0:00,0.9,0.92,0.81,0.91
3/6/2011 0:00,0.91,0.91,0.81,0.9
3/7/2011 0:00,0.9,0.91,0.85,0.88
3/8/2011 0:00,0.88,0.88,0.85,0.87
3/9/2011 0:00,0.87,0.87,0.85,0.86
3/10/2011 0:00,0.86,0.93,0.85,0.93
3/11/2011 0:00,0.93,0.92,0.86,0.88
3/12/2011 0:00,0.88,0.92,0.88,0.92
3/13/2011 0:00,0.92,0.92,0.89,0.89
3/14/2011 0:00,0.89,0.9,0.88,0.89
3/15/2011 0:00,0.89,0.89,0.87,0.87
3/16/2011 0:00,0.87,0.88,0.84,0.86
3/17/2011 0:00,0.86,0.88,0.81,0.83
3/18/2011 0:00,0.83,0.85,0.71,0.82
3/19/2011 0:00,0.82,0.8,0.73,0.76
3/20/2011 0:00,0.76,0.79,0.74,0.74
3/21/2011 0:00,0.74,0.77,0.74,0.76
3/22/2011 0:00,0.76,0.81,0.74,0.81
3/23/2011 0:00,0.81,0.85,0.78,0.85
3/24/2011 0:00,0.85,0.9,0.83,0.87
3/25/2011 0:00,0.87,0.89,0.86,0.88
3/26/2011 0:00,0.88,0.9,0.84,0.86
3/27/2011 0:00,0.86,0.87,0.82,0.82
3/28/2011 0:00,0.82,0.85,0.76,0.8
3/29/2011 0:00,0.8,0.8,0.76,0.79
3/30/2011 0:00,0.79,0.79,0.77,0.79
3/31/2011 0:00,0.79,0.8,0.77,0.78
4/1/2011 0:00,0.78,0.8,0.77,0.77
4/2/2011 0:00,0.77,0.8,0.77,0.78
4/3/2011 0:00,0.78,0.79,0.78,0.78
4/4/2011 0:00,0.78,0.78,0.56,0.68
4/5/2011 0:00,0.68,0.75,0.58,0.71
4/6/2011 0:00,0.71,0.75,0.69,0.74
4/7/2011 0:00,0.74,0.78,0.72,0.75
4/8/2011 0:00,0.75,0.8,0.73,0.75
4/9/2011 0:00,0.75,0.77,0.72,0.73
4/10/2011 0:00,0.73,0.76,0.71,0.74
4/11/2011 0:00,0.74,0.8,0.71,0.77
4/12/2011 0:00,0.77,0.9,0.77,0.86
4/13/2011 0:00,0.86,1,0.86,0.92
4/14/2011 0:00,0.92,1,0.91,1
4/15/2011 0:00,1,1.09,0.91,0.99
4/16/2011 0:00,0.99,1.09,0.95,1.05
4/17/2011 0:00,1.05,1.14,1.03,1.11
4/18/2011 0:00,1.11,1.2,1.11,1.16
4/19/2011 0:00,1.16,1.2,1.14,1.2
4/20/2011 0:00,1.2,1.2,1.13,1.14
4/21/2011 0:00,1.14,1.21,1.14,1.21
4/22/2011 0:00,1.21,1.41,1.19,1.41
4/23/2011 0:00,1.41,1.95,1.32,1.7
4/24/2011 0:00,1.7,1.95,1.6,1.63
4/25/2011 0:00,1.63,1.7,1.52,1.56
4/26/2011 0:00,1.56,1.79,1.53,1.79
4/27/2011 0:00,1.79,1.95,1.72,1.9
4/28/2011 0:00,1.9,2.65,1.66,2.21
4/29/2011 0:00,2.21,2.95,2.21,2.88
4/30/2011 0:00,2.88,4.15,2.75,3.5
5/1/2011 0:00,3.5,3.87,2.5,3.03
5/2/2011 0:00,3.03,3.49,3.03,3.2
5/3/2011 0:00,3.2,3.49,3.11,3.41
5/4/2011 0:00,3.41,3.58,3.25,3.41
5/5/2011 0:00,3.41,3.45,3.33,3.33
5/6/2011 0:00,3.33,3.61,3.29,3.45
5/7/2011 0:00,3.45,3.7,3.42,3.64
5/8/2011 0:00,3.64,3.94,3.63,3.87
5/9/2011 0:00,3.87,3.9,3.69,3.8
5/10/2011 0:00,3.8,5.99,3.81,5.81
5/11/2011 0:00,5.81,6.06,4.6,5.5
5/12/2011 0:00,5.5,6.49,5.22,6.3
5/13/2011 0:00,6.3,8.45,6.32,8.2
5/14/2011 0:00,8.2,8.9,5.83,7.2
5/15/2011 0:00,7.2,7.78,6.2,6.99
5/16/2011 0:00,6.99,8.5,6.75,8.03
5/17/2011 0:00,8.03,8.39,6.98,7.19
5/18/2011 0:00,7.19,7.5,6.6,6.88
5/19/2011 0:00,6.88,7.34,6.61,6.8
5/20/2011 0:00,6.8,7.1,5.58,5.59
5/21/2011 0:00,5.59,6.52,5.58,6.12
5/22/2011 0:00,6.12,6.76,5.99,6.69
5/23/2011 0:00,6.69,7.45,6.69,7.15
5/24/2011 0:00,7.15,7.51,6.96,7.42
5/25/2011 0:00,7.42,9.33,7.22,8.4
5/26/2011 0:00,8.4,8.99,8.01,8.8
5/27/2011 0:00,8.8,8.83,8.5,8.5
5/28/2011 0:00,8.5,8.7,8.11,8.3
5/29/2011 0:00,8.3,8.49,8.1,8.43
5/30/2011 0:00,8.43,9,8.25,8.8
5/31/2011 0:00,8.8,9.5,8.1,8.74
6/1/2011 0:00,8.74,9.7,8.3,9.57
6/2/2011 0:00,9.57,10.89,9.5,10.6
6/3/2011 0:00,10.6,14.5,10.58,14.29
6/4/2011 0:00,14.29,18.89,14.04,18.89
6/5/2011 0:00,18.89,19,16.2,16.7
6/6/2011 0:00,16.7,19.23,16.45,18.55
6/7/2011 0:00,18.55,24.32,18.26,23.92
6/8/2011 0:00,23.92,31.91,22.21,29.6
6/9/2011 0:00,29.6,31.5,26.15,28.92
6/10/2011 0:00,28.92,29.4,20.01,23.95
6/11/2011 0:00,23.95,23.99,13,14.65
6/12/2011 0:00,14.65,24.99,10.25,18.55
6/13/2011 0:00,18.55,24.5,16,19.84
6/14/2011 0:00,19.84,20.5,18,19.28
6/15/2011 0:00,19.28,20,19.02,19.49
6/16/2011 0:00,19.49,19.89,17,17
6/17/2011 0:00,17,18.34,13,15.68
6/18/2011 0:00,15.68,16.95,15.05,16.89
6/19/2011 0:00,16.89,18.88,16.85,17.51
6/20/2011 0:00,17.51,17.51,17.51,17.51
6/21/2011 0:00,17.51,17.51,17.51,17.51
6/22/2011 0:00,17.51,17.51,17.51,17.51
6/23/2011 0:00,17.51,17.51,17.51,17.51
6/24/2011 0:00,17.51,17.51,17.51,17.51
6/25/2011 0:00,17.51,17.51,17.51,17.51
6/26/2011 0:00,17.51,17.51,14.01,16.45
6/27/2011 0:00,16.45,18,15,16.75
6/28/2011 0:00,16.75,17.52,16.5,16.95
6/29/2011 0:00,16.95,17.2,16.67,16.84
6/30/2011 0:00,16.84,17,15.73,16.1
7/1/2011 0:00,16.1,16.74,15.26,15.4
7/2/2011 0:00,15.4,15.8,15.27,15.4
7/3/2011 0:00,15.4,15.69,15.31,15.44
7/4/2011 0:00,15.44,15.49,13.14,13.86
7/5/2011 0:00,13.86,15,11,12.91
7/6/2011 0:00,12.91,16.5,12.67,14.78
7/7/2011 0:00,14.78,15.9,14.5,14.78
7/8/2011 0:00,14.78,15.64,13.9,14.31
7/9/2011 0:00,14.31,14.7,14.02,14.38
7/10/2011 0:00,14.38,15.68,14.35,14.9
7/11/2011 0:00,14.9,15.2,13.8,14.21
7/12/2011 0:00,14.21,14.64,13.9,14.01
7/13/2011 0:00,14.01,14.15,13.91,13.95
7/14/2011 0:00,13.95,14.07,13.7,13.99
7/15/2011 0:00,13.99,14.09,13.5,13.81
7/16/2011 0:00,13.81,13.81,13.5,13.72
7/17/2011 0:00,13.72,13.75,13.02,13.16
7/18/2011 0:00,13.16,13.91,12.51,13.48
7/19/2011 0:00,13.48,14.7,13.44,13.85
7/20/2011 0:00,13.85,14,13.4,13.69
7/21/2011 0:00,13.69,13.78,13.4,13.61
7/22/2011 0:00,13.61,13.81,13.45,13.7
7/23/2011 0:00,13.7,13.76,13.51,13.68
7/24/2011 0:00,13.68,14.1,13.6,13.98
7/25/2011 0:00,13.98,14.72,13.76,14.05
7/26/2011 0:00,14.05,14.05,13.77,13.88
7/27/2011 0:00,13.88,14.13,13.85,13.94
7/28/2011 0:00,13.94,13.94,13.31,13.49
7/29/2011 0:00,13.49,13.7,13.33,13.5
7/30/2011 0:00,13.5,13.63,13.45,13.53
7/31/2011 0:00,13.53,14.9,12.83,13.35
8/1/2011 0:00,13.35,13.55,12.85,13.09
8/2/2011 0:00,13.09,13.1,11.5,12.05
8/3/2011 0:00,12.05,12.16,8.7,9.26
8/4/2011 0:00,9.26,11.15,9.27,10.75
8/5/2011 0:00,10.75,10.99,9.5,9.8
8/6/2011 0:00,9.8,9.95,5.74,6.55
8/7/2011 0:00,6.55,9.47,6.01,7.9
8/8/2011 0:00,7.9,8.16,7.05,7.8
8/9/2011 0:00,7.8,12.1,7.67,9.99
8/10/2011 0:00,9.99,10.4,9.5,9.98
8/11/2011 0:00,9.98,10.5,8.45,9.46
8/12/2011 0:00,9.46,9.8,8.91,9.46
8/13/2011 0:00,9.46,10.25,9.28,10.13
8/14/2011 0:00,10.13,11.24,9.62,10.8
8/15/2011 0:00,10.8,11.89,10.72,11.15
8/16/2011 0:00,11.15,11.32,10.81,10.96
8/17/2011 0:00,10.96,11.1,10.66,10.95
8/18/2011 0:00,10.95,11.05,10.81,10.83
8/19/2011 0:00,10.83,11.81,10.83,11.65
8/20/2011 0:00,11.65,11.69,11.4,11.45
8/21/2011 0:00,11.45,11.51,11.31,11.31
8/22/2011 0:00,11.31,11.5,10.51,10.89
8/23/2011 0:00,10.89,11.3,10.81,10.94
8/24/2011 0:00,10.94,11.08,10.83,10.85
8/25/2011 0:00,10.85,10.89,9.1,9.66
8/26/2011 0:00,9.66,9.89,7.64,8.18
8/27/2011 0:00,8.18,9.11,8.12,8.59
8/28/2011 0:00,8.59,9.48,8.45,9.07
8/29/2011 0:00,9.07,9.27,8.65,8.97
8/30/2011 0:00,8.97,9,8.55,8.79
8/31/2011 0:00,8.79,8.79,8.01,8.2
9/1/2011 0:00,8.2,8.36,8.1,8.21
9/2/2011 0:00,8.21,8.71,8.23,8.64
9/3/2011 0:00,8.64,8.69,8.36,8.48
9/4/2011 0:00,8.48,8.49,7.85,8.18
9/5/2011 0:00,8.18,8.19,7.25,7.61
9/6/2011 0:00,7.61,7.66,6.12,6.86
9/7/2011 0:00,6.86,7.6,6.53,7.19
9/8/2011 0:00,7.19,7.2,6.51,6.53
9/9/2011 0:00,6.53,6.58,4.18,5.03
9/10/2011 0:00,5.03,5.49,4.63,4.77
9/11/2011 0:00,4.77,7.4,4.6,5.86
9/12/2011 0:00,5.86,6.58,5.41,6.08
9/13/2011 0:00,6.08,6.08,5.7,5.8
9/14/2011 0:00,5.8,5.85,5.32,5.62
9/15/2011 0:00,5.62,5.62,4.44,4.84
9/16/2011 0:00,4.84,4.99,4.61,4.82
9/17/2011 0:00,4.82,4.93,4.7,4.77
9/18/2011 0:00,4.77,5.6,4.72,5.2
9/19/2011 0:00,5.2,5.64,4.9,5.46
9/20/2011 0:00,5.46,6.79,5.45,6.11
9/21/2011 0:00,6.11,6.29,5.06,5.61
9/22/2011 0:00,5.61,5.83,5.29,5.43
9/23/2011 0:00,5.43,5.71,5.41,5.55
9/24/2011 0:00,5.55,5.64,5.32,5.47
9/25/2011 0:00,5.47,5.49,5.32,5.33
9/26/2011 0:00,5.33,5.4,4.72,4.87
9/27/2011 0:00,4.87,5.13,4.78,4.92
9/28/2011 0:00,4.92,4.97,4.62,4.77
9/29/2011 0:00,4.77,4.8,4.67,4.78
9/30/2011 0:00,4.78,5.35,4.74,5.14
10/1/2011 0:00,5.14,5.25,4.86,5.03
10/2/2011 0:00,5.03,5.1,4.91,5.03
10/3/2011 0:00,5.03,5.04,4.89,5.02
10/4/2011 0:00,5.02,5.02,4.92,4.96
10/5/2011 0:00,4.96,5.02,4.83,4.87
10/6/2011 0:00,4.87,4.9,4.5,4.73
10/7/2011 0:00,4.73,4.8,3.78,4.27
10/8/2011 0:00,4.27,4.34,3.82,4.01
10/9/2011 0:00,4.01,4.39,4.01,4.1
10/10/2011 0:00,4.1,4.2,4.01,4.1
10/11/2011 0:00,4.1,4.1,3.85,3.93
10/12/2011 0:00,3.93,4.45,3.9,4.15
10/13/2011 0:00,4.15,4.2,4,4.05
10/14/2011 0:00,4.05,4.11,3.95,3.99
10/15/2011 0:00,3.99,4.05,3.71,3.84
10/16/2011 0:00,3.84,3.9,3.4,3.56
10/17/2011 0:00,3.56,3.74,2.26,2.56
10/18/2011 0:00,2.56,2.9,2.31,2.42
10/19/2011 0:00,2.42,2.54,2.04,2.27
10/20/2011 0:00,2.27,2.39,2.22,2.35
10/21/2011 0:00,2.35,2.72,2.33,2.57
10/22/2011 0:00,2.57,3.3,2.55,3.16
10/23/2011 0:00,3.16,3.2,2.95,3.17
10/24/2011 0:00,3.17,3.19,2.48,2.54
10/25/2011 0:00,2.54,3.04,2.44,2.77
10/26/2011 0:00,2.77,2.85,2.65,2.77
10/27/2011 0:00,2.77,3.09,2.73,3.04
10/28/2011 0:00,3.04,3.25,2.9,3.19
10/29/2011 0:00,3.19,3.83,3.14,3.58
10/30/2011 0:00,3.58,3.65,3.2,3.27
10/31/2011 0:00,3.27,3.32,3.07,3.25
11/1/2011 0:00,3.25,3.35,3.07,3.15
11/2/2011 0:00,3.15,3.44,3.14,3.25
11/3/2011 0:00,3.25,3.28,3.1,3.15
11/4/2011 0:00,3.15,3.21,3.01,3.11
11/5/2011 0:00,3.11,3.15,2.85,2.97
11/6/2011 0:00,2.97,3,2.92,2.96
11/7/2011 0:00,2.96,3.03,2.95,3.01
11/8/2011 0:00,3.01,3.21,3.01,3.03
11/9/2011 0:00,3.03,3.11,2.89,2.95
11/10/2011 0:00,2.95,2.97,2.8,2.84
11/11/2011 0:00,2.84,3.11,2.82,3.08
11/12/2011 0:00,3.08,3.11,3.01,3.03
11/13/2011 0:00,3.03,3.05,2.95,3
11/14/2011 0:00,3,3,2.1,2.22
11/15/2011 0:00,2.22,2.49,2.11,2.33
11/16/2011 0:00,2.33,2.6,2.3,2.56
11/17/2011 0:00,2.56,2.59,1.99,2.25
11/18/2011 0:00,2.25,2.39,2,2.05
11/19/2011 0:00,2.05,2.26,2,2.2
11/20/2011 0:00,2.2,2.5,2.15,2.2
11/21/2011 0:00,2.2,2.31,2.17,2.29
11/22/2011 0:00,2.29,2.35,2.25,2.33
11/23/2011 0:00,2.33,2.38,2.27,2.33
11/24/2011 0:00,2.33,2.56,2.31,2.43
11/25/2011 0:00,2.43,2.53,2.37,2.51
11/26/2011 0:00,2.51,2.53,2.41,2.47
11/27/2011 0:00,2.47,2.49,2.42,2.48
11/28/2011 0:00,2.48,2.55,2.44,2.55
11/29/2011 0:00,2.55,2.98,2.54,2.75
11/30/2011 0:00,2.75,3.09,2.73,2.97
12/1/2011 0:00,2.97,3.14,2.93,3.06
12/2/2011 0:00,3.06,3.14,3.03,3.12
12/3/2011 0:00,3.12,3.12,2.75,2.79
12/4/2011 0:00,2.79,2.9,2.61,2.83
12/5/2011 0:00,2.83,2.93,2.78,2.88
12/6/2011 0:00,2.88,3.05,2.87,3.03
12/7/2011 0:00,3.03,3.08,2.93,2.99
12/8/2011 0:00,2.99,3.01,2.88,2.98
12/9/2011 0:00,2.98,3.04,2.93,2.97
12/10/2011 0:00,2.97,3.13,2.93,3.05
12/11/2011 0:00,3.05,3.38,2.99,3.25
12/12/2011 0:00,3.25,3.29,3.08,3.13
12/13/2011 0:00,3.13,3.25,3.14,3.25
12/14/2011 0:00,3.25,3.25,2.99,3.15
12/15/2011 0:00,3.15,3.21,3.11,3.2
12/16/2011 0:00,3.2,3.22,3.15,3.2
12/17/2011 0:00,3.2,3.23,3.16,3.2
12/18/2011 0:00,3.2,3.22,3.18,3.19
12/19/2011 0:00,3.19,3.7,3.19,3.52
12/20/2011 0:00,3.52,4.5,3.48,3.95
12/21/2011 0:00,3.95,4.04,3.81,3.89
12/22/2011 0:00,3.89,3.99,3.51,3.89
12/23/2011 0:00,3.89,3.95,3.81,3.95
12/24/2011 0:00,3.95,3.97,3.85,3.94
12/25/2011 0:00,3.94,4.39,3.78,4.22
12/26/2011 0:00,4.22,4.31,3.81,4.02
12/27/2011 0:00,4.02,4.1,3.96,4.07
12/28/2011 0:00,4.07,4.25,3.99,4.19
12/29/2011 0:00,4.19,4.33,4.12,4.17
12/30/2011 0:00,4.17,4.3,4.06,4.25
12/31/2011 0:00,4.25,4.99,4.2,4.72
1/1/2012 0:00,4.72,5.5,4.61,5.27
1/2/2012 0:00,5.27,5.47,4.8,5.22
1/3/2012 0:00,5.22,5.29,4.65,4.88
1/4/2012 0:00,4.88,5.7,4.75,5.57
1/5/2012 0:00,5.57,7.22,5.57,6.95
1/6/2012 0:00,6.95,7.21,6.13,6.7
1/7/2012 0:00,6.7,7.02,6.38,6.81
1/8/2012 0:00,6.81,7.2,6.73,7.11
1/9/2012 0:00,7.11,7.19,5.81,6.33
1/10/2012 0:00,6.33,6.89,6,6.36
1/11/2012 0:00,6.36,7.14,6.41,6.9
1/12/2012 0:00,6.9,7,6.34,6.8
1/13/2012 0:00,6.8,6.8,6.4,6.41
1/14/2012 0:00,6.41,6.95,6.22,6.75
1/15/2012 0:00,6.75,7.08,6.74,7
1/16/2012 0:00,7,7.19,6.51,6.68
1/17/2012 0:00,6.68,6.95,4.64,5.6
1/18/2012 0:00,5.6,6.95,5.1,5.92
1/19/2012 0:00,5.92,6.36,5.87,6.36
1/20/2012 0:00,6.36,6.58,6.26,6.49
1/21/2012 0:00,6.49,6.55,6.1,6.18
1/22/2012 0:00,6.18,6.45,6.1,6.31
1/23/2012 0:00,6.31,6.39,6.21,6.36
1/24/2012 0:00,6.36,6.39,6.22,6.29
1/25/2012 0:00,6.29,6.32,5.5,5.75
1/26/2012 0:00,5.75,5.92,5.3,5.34
1/27/2012 0:00,5.34,5.51,5.05,5.29
1/28/2012 0:00,5.29,5.76,5.26,5.63
1/29/2012 0:00,5.63,5.7,5.33,5.38
1/30/2012 0:00,5.38,5.6,5.37,5.49
1/31/2012 0:00,5.49,5.65,5.43,5.48
2/1/2012 0:00,5.48,6.2,5.47,6.08
2/2/2012 0:00,6.08,6.2,5.82,6.1
2/3/2012 0:00,6.1,6.14,5.72,5.96
2/4/2012 0:00,5.96,5.99,5.84,5.87
2/5/2012 0:00,5.87,5.88,5.45,5.69
2/6/2012 0:00,5.69,5.72,5.45,5.45
2/7/2012 0:00,5.45,5.78,5.45,5.69
2/8/2012 0:00,5.69,5.85,5.3,5.6
2/9/2012 0:00,5.6,5.91,5.5,5.83
2/10/2012 0:00,5.83,5.98,5.8,5.91
2/11/2012 0:00,5.91,6,5.54,5.6
2/12/2012 0:00,5.6,5.85,5.43,5.51
2/13/2012 0:00,5.51,5.72,5.2,5.26
2/14/2012 0:00,5.26,5.45,4.21,4.46
2/15/2012 0:00,4.46,4.88,4.2,4.33
2/16/2012 0:00,4.33,4.44,3.88,4.27
2/17/2012 0:00,4.27,4.77,4.23,4.41
2/18/2012 0:00,4.41,4.5,4.12,4.22
2/19/2012 0:00,4.22,4.52,4.18,4.39
2/20/2012 0:00,4.39,4.47,4.29,4.36
2/21/2012 0:00,4.36,4.4,4.21,4.27
2/22/2012 0:00,4.27,4.54,4.27,4.42
2/23/2012 0:00,4.42,5.2,4.42,5.01
2/24/2012 0:00,5.01,5.1,4.82,5.03
2/25/2012 0:00,5.03,5.07,4.65,4.77
2/26/2012 0:00,4.77,5.1,4.77,4.92
2/27/2012 0:00,4.92,4.99,4.89,4.96
2/28/2012 0:00,4.96,5,4.73,4.87
2/29/2012 0:00,4.87,4.9,4.8,4.86
3/1/2012 0:00,4.86,4.99,4.86,4.92
3/2/2012 0:00,4.92,4.95,4.51,4.7
3/3/2012 0:00,4.7,4.78,4.51,4.61
3/4/2012 0:00,4.61,4.95,4.61,4.82
3/5/2012 0:00,4.82,5.05,4.82,4.98
3/6/2012 0:00,4.98,5.07,4.9,4.99
3/7/2012 0:00,4.99,5.05,4.84,4.94
3/8/2012 0:00,4.94,5,4.76,4.93
3/9/2012 0:00,4.93,4.95,4.82,4.86
3/10/2012 0:00,4.86,4.91,4.75,4.83
3/11/2012 0:00,4.83,4.99,4.81,4.91
3/12/2012 0:00,4.91,4.95,4.86,4.89
3/13/2012 0:00,4.89,5.41,4.87,5.27
3/14/2012 0:00,5.27,5.45,5.25,5.38
3/15/2012 0:00,5.38,5.44,5.25,5.33
3/16/2012 0:00,5.33,5.4,5.3,5.34
3/17/2012 0:00,5.34,5.4,5.21,5.22
3/18/2012 0:00,5.22,5.34,5.21,5.28
3/19/2012 0:00,5.28,5.31,4.5,4.69
3/20/2012 0:00,4.69,4.9,4.59,4.84
3/21/2012 0:00,4.84,4.87,4.75,4.81
3/22/2012 0:00,4.81,4.88,4.6,4.7
3/23/2012 0:00,4.7,4.79,4.6,4.69
3/24/2012 0:00,4.69,4.73,4.6,4.68
3/25/2012 0:00,4.68,4.68,4.3,4.55
3/26/2012 0:00,4.55,4.74,4.52,4.62
3/27/2012 0:00,4.62,4.85,4.49,4.81
3/28/2012 0:00,4.81,4.84,4.72,4.79
3/29/2012 0:00,4.79,4.86,4.71,4.81
3/30/2012 0:00,4.81,4.88,4.72,4.86
3/31/2012 0:00,4.86,4.95,4.82,4.91
4/1/2012 0:00,4.91,4.92,4.73,4.83
4/2/2012 0:00,4.83,5.08,4.76,4.97
4/3/2012 0:00,4.97,4.99,4.81,4.95
4/4/2012 0:00,4.95,4.97,4.89,4.91
4/5/2012 0:00,4.91,4.93,4.87,4.92
4/6/2012 0:00,4.92,4.98,4.88,4.95
4/7/2012 0:00,4.95,4.95,4.69,4.69
4/8/2012 0:00,4.69,4.8,4.62,4.79
4/9/2012 0:00,4.79,4.88,4.73,4.87
4/10/2012 0:00,4.87,4.9,4.76,4.84
4/11/2012 0:00,4.84,4.98,4.79,4.93
4/12/2012 0:00,4.93,4.95,4.84,4.92
4/13/2012 0:00,4.92,4.94,4.73,4.94
4/14/2012 0:00,4.94,5.03,4.9,4.96
4/15/2012 0:00,4.96,4.98,4.86,4.97
4/16/2012 0:00,4.97,4.98,4.91,4.93
4/17/2012 0:00,4.93,5.02,4.92,4.98
4/18/2012 0:00,4.98,5.18,4.96,5.12
4/19/2012 0:00,5.12,5.19,5.1,5.14
4/20/2012 0:00,5.14,5.48,5.1,5.35
4/21/2012 0:00,5.35,5.48,5.11,5.26
4/22/2012 0:00,5.26,5.32,5.1,5.2
4/23/2012 0:00,5.2,5.22,4.96,4.96
4/24/2012 0:00,4.96,5.2,4.95,5.1
4/25/2012 0:00,5.1,5.18,5.04,5.13
4/26/2012 0:00,5.13,5.17,4.99,5.1
4/27/2012 0:00,5.1,5.12,5.03,5.11
4/28/2012 0:00,5.11,5.11,4.85,4.98
4/29/2012 0:00,4.98,5.02,4.88,4.9
4/30/2012 0:00,4.9,5,4.87,4.95
5/1/2012 0:00,4.95,5,4.92,5
5/2/2012 0:00,5,5.18,4.97,5.07
5/3/2012 0:00,5.07,5.18,5.02,5.13
5/4/2012 0:00,5.13,5.15,5.07,5.07
5/5/2012 0:00,5.07,5.12,5.03,5.08
5/6/2012 0:00,5.08,5.1,5.01,5.05
5/7/2012 0:00,5.05,5.1,4.97,5.06
5/8/2012 0:00,5.06,5.1,4.96,5.05
5/9/2012 0:00,5.05,5.1,5,5.04
5/10/2012 0:00,5.04,5.12,4.8,4.85
5/11/2012 0:00,4.85,5,4.8,4.96
5/12/2012 0:00,4.96,5,4.91,4.95
5/13/2012 0:00,4.95,5,4.92,4.93
5/14/2012 0:00,4.93,5.04,4.9,5.01
5/15/2012 0:00,5.01,5.04,4.95,5.03
5/16/2012 0:00,5.03,5.13,5,5.09
5/17/2012 0:00,5.09,5.1,5.05,5.1
5/18/2012 0:00,5.1,5.13,5.06,5.12
5/19/2012 0:00,5.12,5.14,5.07,5.1
5/20/2012 0:00,5.1,5.15,5.09,5.09
5/21/2012 0:00,5.09,5.13,5.06,5.1
5/22/2012 0:00,5.1,5.11,5.05,5.1
5/23/2012 0:00,5.1,5.16,5.06,5.14
5/24/2012 0:00,5.14,5.15,5.07,5.12
5/25/2012 0:00,5.12,5.15,5.1,5.15
5/26/2012 0:00,5.15,5.14,5.1,5.1
5/27/2012 0:00,5.1,5.15,5.1,5.14
5/28/2012 0:00,5.14,5.16,5.11,5.14
5/29/2012 0:00,5.14,5.16,5.01,5.15
5/30/2012 0:00,5.15,5.17,5.1,5.13
5/31/2012 0:00,5.13,5.2,5.11,5.18
6/1/2012 0:00,5.18,5.28,5.18,5.27
6/2/2012 0:00,5.27,5.27,5.21,5.25
6/3/2012 0:00,5.25,5.25,5.21,5.21
6/4/2012 0:00,5.21,5.28,5.18,5.27
6/5/2012 0:00,5.27,5.5,5.22,5.44
6/6/2012 0:00,5.44,5.49,5.39,5.46
6/7/2012 0:00,5.46,5.59,5.41,5.59
6/8/2012 0:00,5.59,5.66,5.56,5.63
6/9/2012 0:00,5.63,5.7,5.46,5.56
6/10/2012 0:00,5.56,5.58,5.43,5.47
6/11/2012 0:00,5.47,5.6,5.43,5.57
6/12/2012 0:00,5.57,5.75,5.5,5.7
6/13/2012 0:00,5.7,5.96,5.66,5.93
6/14/2012 0:00,5.93,5.97,5.81,5.95
6/15/2012 0:00,5.95,6.59,5.88,6.5
6/16/2012 0:00,6.5,6.6,6.26,6.4
6/17/2012 0:00,6.4,6.53,6.1,6.16
6/18/2012 0:00,6.16,6.36,6.03,6.31
6/19/2012 0:00,6.31,6.53,6.28,6.5
6/20/2012 0:00,6.5,6.71,6.45,6.67
6/21/2012 0:00,6.67,6.8,6.56,6.68
6/22/2012 0:00,6.68,6.8,6.43,6.55
6/23/2012 0:00,6.55,6.65,6.4,6.43
6/24/2012 0:00,6.43,6.47,6.35,6.35
6/25/2012 0:00,6.35,6.45,6.22,6.3
6/26/2012 0:00,6.3,6.47,6.29,6.42
6/27/2012 0:00,6.42,6.65,6.4,6.65
6/28/2012 0:00,6.65,6.67,6.49,6.61
6/29/2012 0:00,6.61,6.68,6.54,6.65
6/30/2012 0:00,6.65,6.69,6.6,6.69
7/1/2012 0:00,6.69,6.69,6.54,6.63
7/2/2012 0:00,6.63,6.76,6.58,6.76
7/3/2012 0:00,6.76,6.76,6.4,6.45
7/4/2012 0:00,6.45,6.55,6.45,6.51
7/5/2012 0:00,6.51,6.77,6.48,6.67
7/6/2012 0:00,6.67,6.72,6.55,6.65
7/7/2012 0:00,6.65,6.87,6.63,6.76
7/8/2012 0:00,6.76,6.86,6.72,6.8
7/9/2012 0:00,6.8,7.1,6.74,7.02
7/10/2012 0:00,7.02,7.25,6.96,7.2
7/11/2012 0:00,7.2,7.26,7.02,7.15
7/12/2012 0:00,7.15,7.9,7.1,7.76
7/13/2012 0:00,7.76,7.82,7.42,7.67
7/14/2012 0:00,7.67,7.66,7.52,7.54
7/15/2012 0:00,7.54,7.7,7.45,7.62
7/16/2012 0:00,7.62,8.65,7.62,8.5
7/17/2012 0:00,8.5,9.49,7.32,8.8
7/18/2012 0:00,8.8,9.4,8.5,9.11
7/19/2012 0:00,9.11,9.23,8.82,8.87
7/20/2012 0:00,8.87,8.87,7.6,8.52
7/21/2012 0:00,8.52,9.7,7.96,8.85
7/22/2012 0:00,8.85,8.97,8.27,8.41
7/23/2012 0:00,8.41,9.2,7.75,8.45
7/24/2012 0:00,8.45,8.85,8.34,8.6
7/25/2012 0:00,8.6,8.9,8.37,8.8
7/26/2012 0:00,8.8,8.9,8.6,8.9
7/27/2012 0:00,8.9,8.95,8.81,8.9
7/28/2012 0:00,8.9,8.93,8.71,8.89
7/29/2012 0:00,8.89,8.89,8.7,8.71
7/30/2012 0:00,8.71,9.15,8.7,9.1
7/31/2012 0:00,9.1,9.44,9.08,9.35
8/1/2012 0:00,9.35,9.65,9.11,9.55
8/2/2012 0:00,9.55,11,9.41,10.53
8/3/2012 0:00,10.53,11.12,10.3,10.97
8/4/2012 0:00,10.97,11.3,10.53,10.98
8/5/2012 0:00,10.98,11.29,10.11,10.87
8/6/2012 0:00,10.87,11.19,10.64,10.86
8/7/2012 0:00,10.86,11.1,10.65,11.1
8/8/2012 0:00,11.1,11.15,10.85,11.06
8/9/2012 0:00,11.06,12,10.8,11.06
8/10/2012 0:00,11.06,11.6,11.01,11.39
8/11/2012 0:00,11.39,11.6,11.39,11.51
8/12/2012 0:00,11.51,11.76,11.45,11.62
8/13/2012 0:00,11.62,12.05,11.49,12.04
8/14/2012 0:00,12.04,12.34,11.89,12.19
8/15/2012 0:00,12.19,13.25,12.16,13.25
8/16/2012 0:00,13.25,13.84,12.5,13.5
8/17/2012 0:00,13.5,15.4,10.6,11.58
8/18/2012 0:00,11.58,12.9,11.02,11.61
8/19/2012 0:00,11.61,11.62,7.58,8
8/20/2012 0:00,8,10.5,7.81,10.1
8/21/2012 0:00,10.1,10.3,9.7,9.91
8/22/2012 0:00,9.91,10.1,9.57,9.81
8/23/2012 0:00,9.81,10.25,9.7,10.1
8/24/2012 0:00,10.1,10.62,9.85,10.6
8/25/2012 0:00,10.6,10.63,10.2,10.52
8/26/2012 0:00,10.52,10.62,10.45,10.61
8/27/2012 0:00,10.61,12.15,10.54,10.95
8/28/2012 0:00,10.95,11.21,10.5,10.94
8/29/2012 0:00,10.94,11.13,10.55,10.92
8/30/2012 0:00,10.92,10.93,10.6,10.78
8/31/2012 0:00,10.78,10.83,9.66,10.16
9/1/2012 0:00,10.16,10.3,9.78,9.97
9/2/2012 0:00,9.97,10.36,9.72,10.2
9/3/2012 0:00,10.2,10.59,10.09,10.53
9/4/2012 0:00,10.53,10.53,10.15,10.38
9/5/2012 0:00,10.38,11.17,10.26,11
9/6/2012 0:00,11,11.29,10.64,11.18
9/7/2012 0:00,11.18,11.21,10.95,11
9/8/2012 0:00,11,11.14,10.76,11.04
9/9/2012 0:00,11.04,11.14,10.92,11.02
9/10/2012 0:00,11.02,11.19,10.87,11.17
9/11/2012 0:00,11.17,11.35,10.88,11.33
9/12/2012 0:00,11.33,11.39,10.78,11.36
9/13/2012 0:00,11.36,11.4,11.22,11.4
9/14/2012 0:00,11.4,11.8,11.32,11.67
9/15/2012 0:00,11.67,11.79,11.6,11.75
9/16/2012 0:00,11.75,11.99,11.72,11.87
9/17/2012 0:00,11.87,11.96,11.77,11.89
9/18/2012 0:00,11.89,12.35,11.84,12.25
9/19/2012 0:00,12.25,12.69,12.15,12.57
9/20/2012 0:00,12.57,12.66,12.25,12.28
9/21/2012 0:00,12.28,12.5,12.01,12.37
9/22/2012 0:00,12.37,12.4,12.14,12.24
9/23/2012 0:00,12.24,12.27,11.63,12.19
9/24/2012 0:00,12.19,12.3,11.95,12.1
9/25/2012 0:00,12.1,12.23,12.01,12.2
9/26/2012 0:00,12.2,12.46,12.02,12.27
9/27/2012 0:00,12.27,12.39,12.21,12.31
9/28/2012 0:00,12.31,12.45,12.12,12.39
9/29/2012 0:00,12.39,12.49,12.21,12.36
9/30/2012 0:00,12.36,12.45,12.3,12.4
10/1/2012 0:00,12.4,12.48,12.32,12.4
10/2/2012 0:00,12.4,12.88,12.34,12.84
10/3/2012 0:00,12.84,12.99,12.68,12.89
10/4/2012 0:00,12.89,13.09,12.6,12.85
10/5/2012 0:00,12.85,12.97,12.51,12.69
10/6/2012 0:00,12.69,12.86,12.35,12.5
10/7/2012 0:00,12.5,12.62,11.7,11.8
10/8/2012 0:00,11.8,11.95,10.62,11.78
10/9/2012 0:00,11.78,12.35,11.57,11.89
10/10/2012 0:00,11.89,12.19,11.77,12.12
10/11/2012 0:00,12.12,12.15,11.86,12.03
10/12/2012 0:00,12.03,12.15,11.92,12
10/13/2012 0:00,12,12.11,11.85,11.86
10/14/2012 0:00,11.86,12.03,11.5,11.74
10/15/2012 0:00,11.74,11.99,11.43,11.84
10/16/2012 0:00,11.84,11.99,11.5,11.85
10/17/2012 0:00,11.85,11.96,11.7,11.81
10/18/2012 0:00,11.81,11.96,11.75,11.94
10/19/2012 0:00,11.94,11.97,11.62,11.74
10/20/2012 0:00,11.74,11.85,11.56,11.74
10/21/2012 0:00,11.74,11.77,11.61,11.63
10/22/2012 0:00,11.63,11.81,11.47,11.71
10/23/2012 0:00,11.71,12,11.41,11.65
10/24/2012 0:00,11.65,11.79,11.59,11.65
10/25/2012 0:00,11.65,11.7,10.52,10.86
10/26/2012 0:00,10.86,10.95,9.74,10.17
10/27/2012 0:00,10.17,10.84,9.82,10.26
10/28/2012 0:00,10.26,10.95,10.25,10.7
10/29/2012 0:00,10.7,10.94,10.32,10.6
10/30/2012 0:00,10.6,10.89,10.58,10.89
10/31/2012 0:00,10.89,11.21,10.71,11.2
11/1/2012 0:00,11.2,11.28,10.4,10.57
11/2/2012 0:00,10.57,10.8,10.33,10.47
11/3/2012 0:00,10.47,10.65,10.4,10.64
11/4/2012 0:00,10.64,10.9,10.51,10.8
11/5/2012 0:00,10.8,10.88,10.61,10.75
11/6/2012 0:00,10.75,10.9,10.67,10.9
11/7/2012 0:00,10.9,11.22,10.8,10.92
11/8/2012 0:00,10.92,11.07,10.75,10.92
11/9/2012 0:00,10.92,10.98,10.79,10.81
11/10/2012 0:00,10.81,10.96,10.75,10.89
11/11/2012 0:00,10.89,10.94,10.7,10.87
11/12/2012 0:00,10.87,11.18,10.77,11.01
11/13/2012 0:00,11.01,11.13,10.92,10.95
11/14/2012 0:00,10.95,11.05,10.82,10.95
11/15/2012 0:00,10.95,11.3,10.86,11.2
11/16/2012 0:00,11.2,11.8,11.17,11.75
11/17/2012 0:00,11.75,11.8,11.52,11.79
11/18/2012 0:00,11.79,11.83,11.62,11.65
11/19/2012 0:00,11.65,11.84,11.6,11.8
11/20/2012 0:00,11.8,11.8,11.57,11.73
11/21/2012 0:00,11.73,11.78,11.64,11.77
11/22/2012 0:00,11.77,12.43,11.67,12.42
11/23/2012 0:00,12.42,12.41,12.13,12.34
11/24/2012 0:00,12.34,12.48,12.25,12.41
11/25/2012 0:00,12.41,12.6,12.31,12.48
11/26/2012 0:00,12.48,12.65,11.89,12.25
11/27/2012 0:00,12.25,12.34,11.9,12.2
11/28/2012 0:00,12.2,12.41,12.1,12.35
11/29/2012 0:00,12.35,12.6,12.15,12.45
11/30/2012 0:00,12.45,12.65,12.42,12.56
12/1/2012 0:00,12.56,12.69,12.46,12.56
12/2/2012 0:00,12.56,12.68,12.43,12.5
12/3/2012 0:00,12.5,12.68,12.48,12.68
12/4/2012 0:00,12.68,13.5,12.62,13.41
12/5/2012 0:00,13.41,13.42,13.15,13.38
12/6/2012 0:00,13.38,13.69,12.9,13.3
12/7/2012 0:00,13.3,13.55,12.97,13.5
12/8/2012 0:00,13.5,13.55,13.35,13.42
12/9/2012 0:00,13.42,13.53,13.02,13.39
12/10/2012 0:00,13.39,13.55,13.27,13.43
12/11/2012 0:00,13.43,13.67,13.3,13.56
12/12/2012 0:00,13.56,13.8,13.3,13.7
12/13/2012 0:00,13.7,13.8,13.47,13.7
12/14/2012 0:00,13.7,13.9,13,13.6
12/15/2012 0:00,13.6,13.64,13.44,13.49
12/16/2012 0:00,13.49,13.67,13.13,13.3
12/17/2012 0:00,13.3,13.48,12.75,13.25
12/18/2012 0:00,13.25,13.4,13.11,13.3
12/19/2012 0:00,13.3,13.6,13.2,13.6
12/20/2012 0:00,13.6,13.72,13.33,13.52
12/21/2012 0:00,13.52,13.6,13.42,13.5
12/22/2012 0:00,13.5,13.59,13.32,13.37
12/23/2012 0:00,13.37,13.47,13.01,13.31
12/24/2012 0:00,13.31,13.45,13.21,13.38
12/25/2012 0:00,13.38,13.43,13.14,13.35
12/26/2012 0:00,13.35,13.47,13.2,13.47
12/27/2012 0:00,13.47,13.47,13.25,13.42
12/28/2012 0:00,13.42,13.65,13.34,13.42
12/29/2012 0:00,13.42,13.67,13.27,13.4
12/30/2012 0:00,13.4,13.59,13.35,13.45
12/31/2012 0:00,13.45,13.56,13.37,13.51
1/1/2013 0:00,13.51,13.56,13.16,13.3
1/2/2013 0:00,13.3,13.4,13.16,13.28
1/3/2013 0:00,13.28,13.46,13.25,13.4
1/4/2013 0:00,13.4,13.52,13.27,13.5
1/5/2013 0:00,13.5,13.55,13.31,13.44
1/6/2013 0:00,13.44,13.52,13.36,13.45
1/7/2013 0:00,13.45,13.59,13.4,13.59
1/8/2013 0:00,13.59,13.88,13.5,13.74
1/9/2013 0:00,13.74,13.86,13.62,13.77
1/10/2013 0:00,13.77,14.32,13.77,14.14
1/11/2013 0:00,14.14,14.35,13.91,14.14
1/12/2013 0:00,14.14,14.34,13.97,14.24
1/13/2013 0:00,14.24,14.31,13.95,14.12
1/14/2013 0:00,14.12,14.35,14.11,14.3
1/15/2013 0:00,14.3,14.48,13.99,14.25
1/16/2013 0:00,14.25,14.73,14.21,14.73
1/17/2013 0:00,14.73,15.7,14.63,15.5
1/18/2013 0:00,15.5,15.98,15.41,15.7
1/19/2013 0:00,15.7,15.77,15.25,15.61
1/20/2013 0:00,15.61,15.89,15.51,15.7
1/21/2013 0:00,15.7,16.98,15.63,16.8
1/22/2013 0:00,16.8,17.59,16.65,17.26
1/23/2013 0:00,17.26,17.59,16.8,17.5
1/24/2013 0:00,17.5,19.19,15.61,16.9
1/25/2013 0:00,16.9,17.8,15.39,17.4
1/26/2013 0:00,17.4,17.88,16.54,17.88
1/27/2013 0:00,17.88,18,17.21,17.82
1/28/2013 0:00,17.82,18.88,17.75,18.72
1/29/2013 0:00,18.72,19.8,18.7,19.53
1/30/2013 0:00,19.53,19.8,19.15,19.7
1/31/2013 0:00,19.7,21.43,19.51,20.41
2/1/2013 0:00,20.41,21.13,20.3,20.5
2/2/2013 0:00,20.5,20.5,18,19.63
2/3/2013 0:00,19.63,20.9,19.42,20.59
2/4/2013 0:00,20.59,21.05,19.85,20.43
2/5/2013 0:00,20.43,20.79,20.2,20.6
2/6/2013 0:00,20.6,21.33,20.6,21.18
2/7/2013 0:00,21.18,22.22,20.77,22.15
2/8/2013 0:00,22.15,22.77,22,22.66
2/9/2013 0:00,22.66,23.99,22.58,23.65
2/10/2013 0:00,23.65,24.11,22.67,23.97
2/11/2013 0:00,23.97,24.67,23.65,24.65
2/12/2013 0:00,24.65,25.83,24.3,25.17
2/13/2013 0:00,25.17,26.3,24.19,24.2
2/14/2013 0:00,24.2,27.6,21.72,27.22
2/15/2013 0:00,27.22,27.51,26.1,27.1
2/16/2013 0:00,27.1,27.5,26.81,27.22
2/17/2013 0:00,27.22,27.4,25,26.81
2/18/2013 0:00,26.81,27.15,26.36,26.95
2/19/2013 0:00,26.95,29.65,26.8,29.42
2/20/2013 0:00,29.42,29.87,28.99,29.64
2/21/2013 0:00,29.64,29.98,29.31,29.75
2/22/2013 0:00,29.75,31.3,29.67,30.25
2/23/2013 0:00,30.25,30.69,28,29.8
2/24/2013 0:00,29.8,30.4,29.2,29.89
2/25/2013 0:00,29.89,30.4,29.55,30.4
2/26/2013 0:00,30.4,31.7,30.12,31.1
2/27/2013 0:00,31.1,31.65,30.79,30.9
2/28/2013 0:00,30.9,34.52,30.9,33.38
3/1/2013 0:00,33.38,34.9,32.92,34.5
3/2/2013 0:00,34.5,34.81,33.15,34.25
3/3/2013 0:00,34.25,34.5,33.8,34.5
3/4/2013 0:00,34.5,36.7,34.19,36.15
3/5/2013 0:00,36.15,40.65,36.15,40.33
3/6/2013 0:00,40.33,49.1,40.14,41.02
3/7/2013 0:00,41.02,45.5,33.3,42
3/8/2013 0:00,42,44.5,41.02,44.18
3/9/2013 0:00,44.18,46.99,43.41,46.85
3/10/2013 0:00,46.85,47.95,45.47,46
3/11/2013 0:00,46,48.47,45.54,48.4
3/12/2013 0:00,48.4,48.4,36.65,44.29
3/13/2013 0:00,44.29,47.29,43.75,46.92
3/14/2013 0:00,46.92,47.99,46.05,47.17
3/15/2013 0:00,47.17,47.45,46.4,46.95
3/16/2013 0:00,46.95,47.36,46.27,47
3/17/2013 0:00,47,47.74,46.8,47.4
3/18/2013 0:00,47.4,52.87,47.12,51.6
3/19/2013 0:00,51.6,62,50,59.14
3/20/2013 0:00,59.14,66,57.7,64.49
3/21/2013 0:00,64.49,74.9,63.1,70.85
3/22/2013 0:00,70.85,73.75,65,69.86
3/23/2013 0:00,69.86,70.5,52.35,64.35
3/24/2013 0:00,64.35,72.5,62.7,71.5
3/25/2013 0:00,71.5,78,69.52,73.6
3/26/2013 0:00,73.6,79.72,73.11,78.5
3/27/2013 0:00,78.5,89.5,78.4,88.92
3/28/2013 0:00,88.92,95.7,75,86.18
3/29/2013 0:00,86.18,93.06,83.01,90.5
3/30/2013 0:00,90.5,94.98,87,92.19
3/31/2013 0:00,92.19,93.8,91,93.03
4/1/2013 0:00,93.03,106,92.24,104
4/2/2013 0:00,104,118.36,99,117.98
4/3/2013 0:00,117.98,147,110,135
4/4/2013 0:00,135,142.12,116.39,132.12
4/5/2013 0:00,132.12,144.94,130.24,142.32
4/6/2013 0:00,142.32,143.9,139.54,142.63
4/7/2013 0:00,142.63,164.9,142.63,162.3
4/8/2013 0:00,162.3,194.9,162.6,187.5
4/9/2013 0:00,187.5,240.11,186.5,230
4/10/2013 0:00,230,266,105,165
4/11/2013 0:00,165,188.7,110.2,124.9
4/12/2013 0:00,124.9,140,54.25,117
4/13/2013 0:00,117,130,85.5,93
4/14/2013 0:00,93,110,84.44,90
4/15/2013 0:00,90,102,71.51,82.39
4/16/2013 0:00,82.39,84.5,50.01,68.36
4/17/2013 0:00,68.36,98.78,63.3,93.07
4/18/2013 0:00,93.07,113,86,109.01
4/19/2013 0:00,109.01,136.43,105.54,118.48
4/20/2013 0:00,118.48,132,115,126.62
4/21/2013 0:00,126.62,130.5,110,119.2
4/22/2013 0:00,119.2,127.4,118.5,127.4
4/23/2013 0:00,127.4,144.02,124.97,143.47
4/24/2013 0:00,143.47,166.43,140.97,154.2
4/25/2013 0:00,154.2,162,120.09,141.71
4/26/2013 0:00,141.71,144.99,121.45,136.9
4/27/2013 0:00,136.9,139.88,122.71,128
4/28/2013 0:00,128,136.68,127.5,134.44
4/29/2013 0:00,134.44,149.08,133,144
4/30/2013 0:00,144,146.93,134,139.23
5/1/2013 0:00,139.23,140.06,104,116.38
5/2/2013 0:00,116.38,126.9,91.11,106.25
5/3/2013 0:00,106.25,109,79,98.1
5/4/2013 0:00,98.1,116.3,92,112.9
5/5/2013 0:00,112.9,118.85,107,115.98
5/6/2013 0:00,115.98,124.9,106.01,112.25
5/7/2013 0:00,112.25,114,97.52,109.6
5/8/2013 0:00,109.6,116.78,109.5,113.2
5/9/2013 0:00,113.2,113.72,108.8,112.8
5/10/2013 0:00,112.8,122.5,111.54,117.7
5/11/2013 0:00,117.7,118.74,113,115.64
5/12/2013 0:00,115.64,117.47,112.4,114.82
5/13/2013 0:00,114.82,118.88,114.5,117.98
5/14/2013 0:00,117.98,119.8,109.42,111.4
5/15/2013 0:00,111.4,116.44,103.02,114.22
5/16/2013 0:00,114.22,118.97,112.1,118.21
5/17/2013 0:00,118.21,125.56,116.57,123.5
5/18/2013 0:00,123.5,125.31,122.25,123.21
5/19/2013 0:00,123.21,124.5,119.5,122.5
5/20/2013 0:00,122.5,123.69,120.1,122.02
5/21/2013 0:00,122.02,123.08,121.1,122.89
5/22/2013 0:00,122.89,124.5,122,123.8
5/23/2013 0:00,123.8,126.93,123,126.3
5/24/2013 0:00,126.3,133.98,125.35,133.1
5/25/2013 0:00,133.1,133.5,128.2,131.99
5/26/2013 0:00,131.99,136,130.61,133.5
5/27/2013 0:00,133.5,135.47,124,129.77
5/28/2013 0:00,129.77,130.63,125.4,129
5/29/2013 0:00,129,132.72,127.6,132.25
5/30/2013 0:00,132.25,132.4,126.5,128.8
5/31/2013 0:00,128.8,130,126.33,128.82
6/1/2013 0:00,128.82,129.79,127.1,129.3
6/2/2013 0:00,129.3,130.1,115,122.5
6/3/2013 0:00,122.5,122.78,115.11,120.74
6/4/2013 0:00,120.74,123.99,118.79,121.4
6/5/2013 0:00,121.4,123.5,119.5,121.9
6/6/2013 0:00,121.9,123.3,117,118.97
6/7/2013 0:00,118.97,119.13,106.15,111
6/8/2013 0:00,111,113.19,107,107.89
6/9/2013 0:00,107.89,108.99,88,100.44
6/10/2013 0:00,100.44,110.63,95,106.35
6/11/2013 0:00,106.35,109.6,103.23,109
6/12/2013 0:00,109,112.25,106,108.78
6/13/2013 0:00,108.78,110.3,100.3,103.95
6/14/2013 0:00,103.95,104.7,97.1,100
6/15/2013 0:00,100,103.7,97.5,99.8
6/16/2013 0:00,99.8,101.75,98.9,99.9
6/17/2013 0:00,99.9,102.4,98.9,101.95
6/18/2013 0:00,101.95,113.3,101.03,107.35
6/19/2013 0:00,107.35,110.99,104.66,108.25
6/20/2013 0:00,108.25,114.48,107.12,111.29
6/21/2013 0:00,111.29,115,107.56,109.5
6/22/2013 0:00,109.5,109.96,107.51,108.2
6/23/2013 0:00,108.2,109,106.2,107.9
6/24/2013 0:00,107.9,108.33,100.76,102.09
6/25/2013 0:00,102.09,109.98,100,103.33
6/26/2013 0:00,103.33,105.49,101.83,104
6/27/2013 0:00,104,104,100.05,101.74
6/28/2013 0:00,101.74,101.79,92.25,94.66
6/29/2013 0:00,94.66,100.44,93,95
6/30/2013 0:00,95,98.12,93.85,97.51
7/1/2013 0:00,90.11,90.75,82.75,84.61
7/2/2013 0:00,84.61,88.69,82.4,87.66
7/3/2013 0:00,87.66,89.19,75.6,76.89
7/4/2013 0:00,76.89,79.95,72.57,77.68
7/5/2013 0:00,77.68,78.07,65.77,66.34
7/6/2013 0:00,66.34,69.88,64.25,66.85
7/7/2013 0:00,66.85,73.04,62.9,72.51
7/8/2013 0:00,72.51,76.92,72.35,74.56
7/9/2013 0:00,74.56,76.44,72.44,74.22
7/10/2013 0:00,74.22,87.43,74.22,84.51
7/11/2013 0:00,84.51,93.49,84.08,91.22
7/12/2013 0:00,91.22,98.58,85.99,88.46
7/13/2013 0:00,88.46,92.32,86.22,91.39
7/14/2013 0:00,91.39,92.78,89.58,90.37
7/15/2013 0:00,90.37,94.85,89.31,93.14
7/16/2013 0:00,93.14,94.13,90.9,92.74
7/17/2013 0:00,92.74,93.39,90.54,90.54
7/18/2013 0:00,90.54,92.14,81.28,85.43
7/19/2013 0:00,85.43,86.71,84.56,85.78
7/20/2013 0:00,85.78,86.41,85.5,85.67
7/21/2013 0:00,85.67,86.19,85.01,85.47
7/22/2013 0:00,85.47,86.45,84.49,86.09
7/23/2013 0:00,86.09,87.85,84.69,86.94
7/24/2013 0:00,86.94,87.62,86.49,87.46
7/25/2013 0:00,87.46,90.21,86.37,89.41
7/26/2013 0:00,89.41,91.67,88.76,90.63
7/27/2013 0:00,90.63,91,88.53,89.1
7/28/2013 0:00,89.1,92.86,88.2,92.1
7/29/2013 0:00,92.1,93.3,90.91,93.3
7/30/2013 0:00,93.3,97.06,92.14,96.31
7/31/2013 0:00,96.31,100.36,95.97,97.91
8/1/2013 0:00,97.91,98.53,96.32,96.42
8/2/2013 0:00,96.42,99.1,95.65,97.24
8/3/2013 0:00,97.24,97.45,95.64,96.66
8/4/2013 0:00,96.66,96.74,96.01,96.6
8/5/2013 0:00,96.6,98.24,96.06,96.92
8/6/2013 0:00,96.92,98.09,96.64,97.13
8/7/2013 0:00,97.13,98.15,96.29,96.92
8/8/2013 0:00,96.92,97.31,93.59,94.77
8/9/2013 0:00,94.77,95.46,92.46,93.36
8/10/2013 0:00,93.36,94.48,92.57,93.29
8/11/2013 0:00,93.29,94.42,93.13,94.16
8/12/2013 0:00,94.16,95.49,93.53,95.08
8/13/2013 0:00,95.08,97.99,94.64,97.9
8/14/2013 0:00,97.9,100.84,97.52,97.96
8/15/2013 0:00,97.96,99.79,97.49,97.54
8/16/2013 0:00,97.54,99,96.95,98.33
8/17/2013 0:00,98.33,99.68,97.63,99.56
8/18/2013 0:00,99.56,99.62,98.38,98.84
8/19/2013 0:00,98.84,104.01,98.75,102.3
8/20/2013 0:00,102.3,105.72,101.46,105.01
8/21/2013 0:00,105.01,112.54,103.99,111.44
8/22/2013 0:00,111.44,112.8,109.37,109.73
8/23/2013 0:00,109.73,109.9,106.04,107.55
8/24/2013 0:00,107.55,110.02,106.94,108.69
8/25/2013 0:00,108.69,112.47,108.56,111.79
8/26/2013 0:00,111.79,112.27,110.38,112.23
8/27/2013 0:00,112.23,118.07,111.77,117.45
8/28/2013 0:00,117.45,118.36,116.38,117.59
8/29/2013 0:00,117.59,117.92,116.57,117.52
8/30/2013 0:00,117.52,124.06,117.07,123.23
8/31/2013 0:00,123.23,130.15,122.2,129.46
9/1/2013 0:00,129.46,129.46,124.5,128.26
9/2/2013 0:00,128.26,130.59,126.76,127.36
9/3/2013 0:00,127.36,128.88,125.62,127.59
9/4/2013 0:00,127.59,127.76,115.57,120.57
9/5/2013 0:00,120.57,123.68,114.53,120.53
9/6/2013 0:00,120.53,122.22,115.75,116.32
9/7/2013 0:00,116.32,120.17,115.34,119.05
9/8/2013 0:00,119.05,119.86,116.59,116.59
9/9/2013 0:00,116.59,122.55,116.52,120.02
9/10/2013 0:00,120.02,123.81,119.99,121.46
9/11/2013 0:00,121.46,125.7,119.38,125.45
9/12/2013 0:00,125.45,127.92,124.12,125.76
9/13/2013 0:00,125.76,128.39,124.7,126.51
9/14/2013 0:00,126.51,126.9,123.29,124.08
9/15/2013 0:00,124.08,125.18,122.89,124.58
9/16/2013 0:00,124.58,125.74,124.18,125.06
9/17/2013 0:00,125.06,127.5,125.06,125.97
9/18/2013 0:00,125.97,128.06,125.63,126.3
9/19/2013 0:00,126.3,127.7,123.15,124.19
9/20/2013 0:00,124.19,124.93,122.59,122.9
9/21/2013 0:00,122.9,124.33,122.1,122.64
9/22/2013 0:00,122.64,123.11,121.96,122.65
9/23/2013 0:00,122.65,123.96,121.87,122.22
9/24/2013 0:00,122.22,122.93,121.37,122.54
9/25/2013 0:00,122.54,125.24,122.54,123.42
9/26/2013 0:00,123.42,124.08,122.34,123.48
9/27/2013 0:00,123.48,126.18,123.13,123.5
9/28/2013 0:00,123.5,124.91,122.1,124.75
9/29/2013 0:00,124.75,126.46,123.23,125.18
9/30/2013 0:00,125.18,125.18,120.69,123.1
10/1/2013 0:00,123.1,125.49,121.83,125.49
10/2/2013 0:00,125.49,125.76,82,99.81
10/3/2013 0:00,99.81,117.98,97,116.82
10/4/2013 0:00,116.82,123.62,116.65,121.29
10/5/2013 0:00,121.29,122.69,120.69,121.14
10/6/2013 0:00,121.14,121.77,120.43,121.68
10/7/2013 0:00,121.68,123.73,121.25,123.24
10/8/2013 0:00,123.24,124.78,122.55,124.32
10/9/2013 0:00,124.32,128.02,123.64,125.84
10/10/2013 0:00,125.84,126.44,124.11,125.7
10/11/2013 0:00,125.7,126,123.13,125.51
10/12/2013 0:00,125.51,126.57,124.75,126.52
10/13/2013 0:00,126.52,130.9,125.39,130.42
10/14/2013 0:00,130.42,136.64,128.8,133.04
10/15/2013 0:00,133.04,139.71,132.45,138.64
10/16/2013 0:00,138.64,146.68,136.32,137.42
10/17/2013 0:00,137.42,144.31,136.27,142.73
10/18/2013 0:00,142.73,149.99,141.89,149.59
10/19/2013 0:00,149.59,167.08,148.69,159.81
10/20/2013 0:00,159.81,163.8,159.18,163.06
10/21/2013 0:00,163.06,175.46,161.5,174.18
10/22/2013 0:00,174.18,186.64,170.28,183.86
10/23/2013 0:00,183.86,200.62,182.99,200.62
10/24/2013 0:00,200.62,202.34,157.71,183.15
10/25/2013 0:00,183.15,186.59,162.56,178.12
10/26/2013 0:00,178.12,182.07,174.02,175.9
10/27/2013 0:00,175.9,186.53,174.9,185.69
10/28/2013 0:00,185.69,188.19,183.75,187.87
10/29/2013 0:00,187.87,198.41,189.81,198.19
10/30/2013 0:00,198.19,198.79,192.83,194.55
10/31/2013 0:00,194.55,198.57,192.74,198.23
11/1/2013 0:00,198.23,198.92,195.48,198.51
11/2/2013 0:00,198.51,201.24,198.18,200.85
11/3/2013 0:00,200.85,207.76,198.94,207.63
11/4/2013 0:00,207.63,226.04,206.63,225.2
11/5/2013 0:00,225.2,246.78,221.85,239.29
11/6/2013 0:00,239.29,255.54,238.92,253.69
11/7/2013 0:00,253.69,292.71,253.69,283.3
11/8/2013 0:00,283.3,324.4,283.3,323.77
11/9/2013 0:00,323.77,355.23,303.29,336.14
11/10/2013 0:00,336.14,338.25,260.7,311.9
11/11/2013 0:00,311.9,339.48,303.51,332.63
11/12/2013 0:00,332.63,350.03,324.45,349.34
11/13/2013 0:00,349.34,399.47,349.34,393.28
11/14/2013 0:00,393.28,416.82,383.58,410.72
11/15/2013 0:00,410.72,427.9,386.56,409.17
11/16/2013 0:00,409.17,438.13,406.67,428.82
11/17/2013 0:00,428.82,482.98,428.54,476.29
11/18/2013 0:00,476.29,674.38,471.61,674.38
11/19/2013 0:00,674.38,781.83,394.91,541.83
11/20/2013 0:00,541.83,578.75,389.5,572.67
11/21/2013 0:00,572.67,705.5,560.35,695.87
11/22/2013 0:00,695.87,767.98,651.9,747.48
11/23/2013 0:00,747.48,823.42,698.99,776.7
11/24/2013 0:00,776.7,831.76,691.69,751.38
11/25/2013 0:00,751.38,788.3,725.48,778.68
11/26/2013 0:00,778.68,904.58,775.42,899.2
11/27/2013 0:00,899.2,961.99,866.84,948.41
11/28/2013 0:00,948.41,1106.54,912.93,1037.75
11/29/2013 0:00,1037.75,1128.32,1000.58,1120.4
11/30/2013 0:00,1120.4,1165.89,1110.21,1124.76
12/1/2013 0:00,1124.76,1128.88,783.69,946.92
12/2/2013 0:00,946.92,1054.42,929.95,1038.35
12/3/2013 0:00,1038.35,1092.83,1002.86,1068.67
12/4/2013 0:00,1068.67,1151.3,1063.76,1147.25
12/5/2013 0:00,1147.25,1149.74,870.38,1042.03
12/6/2013 0:00,1042.03,1045.96,815.29,834.03
12/7/2013 0:00,834.03,863.13,558.08,694.47
12/8/2013 0:00,694.47,801.16,668.2,795.4
12/9/2013 0:00,795.4,925.27,779.73,898.02
12/10/2013 0:00,898.02,1013.12,897.22,990
12/11/2013 0:00,990,1001.8,832.23,883.26
12/12/2013 0:00,883.26,908.38,842.68,875.75
12/13/2013 0:00,875.75,933.17,859.45,898.21
12/14/2013 0:00,898.21,909.34,857.09,867.49
12/15/2013 0:00,867.49,886.24,819.44,879.47
12/16/2013 0:00,879.47,880.51,676.02,712.51
12/17/2013 0:00,712.51,757.02,636.15,683.84
12/18/2013 0:00,683.84,683.84,422.5,522.23
12/19/2013 0:00,522.23,710.33,504.13,698.45
12/20/2013 0:00,698.45,733.24,598.06,622.84
12/21/2013 0:00,622.84,657.71,580.73,608.96
12/22/2013 0:00,608.96,671.59,589.73,617.82
12/23/2013 0:00,617.82,683.73,613.45,673.17
12/24/2013 0:00,673.17,685.37,645.78,667.62
12/25/2013 0:00,667.62,687.36,651.53,687.36
12/26/2013 0:00,687.36,780.94,687.36,765.21
12/27/2013 0:00,765.21,780.77,723.99,746.72
12/28/2013 0:00,746.72,753.83,705.1,730.47
12/29/2013 0:00,730.47,753.82,713.75,745.07
12/30/2013 0:00,745.07,763.83,743.59,754.76
12/31/2013 0:00,754.76,759.72,733.19,757.5
1/1/2014 0:00,757.5,787.63,750.53,770.44
1/2/2014 0:00,770.44,826.64,768.15,808.05
1/3/2014 0:00,808.05,840.15,794.26,830.02
1/4/2014 0:00,830.02,861.15,808.82,858.98
1/5/2014 0:00,858.98,959.33,857.64,940.1
1/6/2014 0:00,940.1,1023.31,914.77,951.39
1/7/2014 0:00,951.39,975.22,810.58,810.58
1/8/2014 0:00,810.58,886.05,788.94,859.95
1/9/2014 0:00,859.95,880.67,814.34,860.89
1/10/2014 0:00,860.89,888.87,837.88,884.67
1/11/2014 0:00,884.67,934.44,841.02,930.9
1/12/2014 0:00,930.9,940.75,860.02,873.26
1/13/2014 0:00,873.26,877.11,821.24,857.96
1/14/2014 0:00,857.96,875.08,839.18,851.83
1/15/2014 0:00,851.83,889.18,848.06,874.71
1/16/2014 0:00,874.71,893.75,847.37,847.37
1/17/2014 0:00,847.37,854.48,810.43,828.22
1/18/2014 0:00,828.22,850.6,828.22,843.76
1/19/2014 0:00,843.76,883.46,835,878.68
1/20/2014 0:00,878.68,897.56,858.11,871.05
1/21/2014 0:00,871.05,895.96,861.95,874.29
1/22/2014 0:00,874.29,884.5,854.35,863.95
1/23/2014 0:00,863.95,883.91,848.72,854.35
1/24/2014 0:00,854.35,862.21,785.01,825.12
1/25/2014 0:00,825.12,889.04,821.34,861.85
1/26/2014 0:00,861.85,899.36,851.75,880.15
1/27/2014 0:00,880.15,888.18,800.34,814.53
1/28/2014 0:00,814.53,879.1,784.08,833.94
1/29/2014 0:00,833.94,862.62,828.77,837.51
1/30/2014 0:00,837.51,875.27,816.36,845.85
1/31/2014 0:00,845.85,852.48,839.83,848.29
2/1/2014 0:00,848.29,874.36,843.35,853.02
2/2/2014 0:00,853.02,884.79,850.5,854.37
2/3/2014 0:00,854.37,874.68,843.86,846.9
2/4/2014 0:00,846.9,852.27,841.38,842.01
2/5/2014 0:00,842.01,864.59,819.85,820.87
2/6/2014 0:00,820.87,825.38,780.09,783.62
2/7/2014 0:00,783.62,784.85,658.87,703.57
2/8/2014 0:00,703.57,721.86,665.4,676.91
2/9/2014 0:00,676.91,708.79,657.94,681.94
2/10/2014 0:00,681.94,704.65,535.78,679.73
2/11/2014 0:00,679.73,713.07,635.36,669.44
2/12/2014 0:00,669.44,677.24,633.87,648.38
2/13/2014 0:00,648.38,659.76,595,598.41
2/14/2014 0:00,598.41,708.22,532.8,656.61
2/15/2014 0:00,656.61,658.63,626.86,645.43
2/16/2014 0:00,645.43,667.54,576.34,610.65
2/17/2014 0:00,610.65,653.91,603.16,621.49
2/18/2014 0:00,621.49,644.5,608.03,621.22
2/19/2014 0:00,621.22,635.42,611.23,617.71
2/20/2014 0:00,617.71,627.18,548.49,552.21
2/21/2014 0:00,552.21,581.59,525.41,569.04
2/22/2014 0:00,569.04,612.55,554.6,604.75
2/23/2014 0:00,604.75,637.49,595.6,604.58
2/24/2014 0:00,604.58,606.94,535.19,545.32
2/25/2014 0:00,545.32,545.32,418.78,534.71
2/26/2014 0:00,534.71,604.19,531.45,577.09
2/27/2014 0:00,577.09,594.1,558.49,576.7
2/28/2014 0:00,576.7,587.56,540.58,543.93
3/1/2014 0:00,543.93,573.65,536.06,563.74
3/2/2014 0:00,563.74,569.05,547.83,560.3
3/3/2014 0:00,560.3,678.5,557.75,661.12
3/4/2014 0:00,661.12,698.55,653.9,663.6
3/5/2014 0:00,663.6,669.31,643.67,661.79
3/6/2014 0:00,661.79,666,644.68,658.72
3/7/2014 0:00,658.72,658.91,611.36,625.83
3/8/2014 0:00,625.83,632.61,601.32,615.24
3/9/2014 0:00,615.24,645.3,610.07,633.18
3/10/2014 0:00,633.18,642.75,611.4,625.83
3/11/2014 0:00,625.83,634.85,615.53,628.95
3/12/2014 0:00,628.95,645.9,627.65,631.39
3/13/2014 0:00,631.39,641.77,628.02,638.16
3/14/2014 0:00,638.16,638.98,625.01,626.71
3/15/2014 0:00,626.71,636.12,625.19,633.67
3/16/2014 0:00,633.67,635.82,627.75,630.72
3/17/2014 0:00,630.72,631.01,616.43,621.22
3/18/2014 0:00,621.22,621.45,599.93,613.63
3/19/2014 0:00,613.63,621.64,607.73,608.82
3/20/2014 0:00,608.82,608.82,583.68,586.59
3/21/2014 0:00,586.59,605.31,563.79,570.77
3/22/2014 0:00,570.77,571.93,550.84,564.42
3/23/2014 0:00,564.42,570.47,560.25,561.35
3/24/2014 0:00,561.35,588.14,551.48,586.27
3/25/2014 0:00,586.27,586.27,570.6,582.28
3/26/2014 0:00,582.28,590.27,568.9,579.07
3/27/2014 0:00,579.07,580.4,471.03,478.16
3/28/2014 0:00,478.16,527.84,471.34,502.44
3/29/2014 0:00,502.44,506.46,488.71,493.18
3/30/2014 0:00,493.18,493.18,443.26,461.87
3/31/2014 0:00,461.87,483.98,442.46,458.5
4/1/2014 0:00,458.5,500.71,455.7,478.72
4/2/2014 0:00,478.72,495.08,430.17,437.51
4/3/2014 0:00,437.51,456.42,414.41,447.08
4/4/2014 0:00,447.08,456.05,428.76,448.88
4/5/2014 0:00,448.88,464.83,444.47,464.83
4/6/2014 0:00,464.83,466.53,450.92,460.7
4/7/2014 0:00,460.7,461.8,443.83,446.22
4/8/2014 0:00,446.22,456.89,444.84,450.46
4/9/2014 0:00,450.46,453.56,439.69,440.2
4/10/2014 0:00,440.2,441.15,355.41,360.84
4/11/2014 0:00,360.84,429.79,344.24,420.06
4/12/2014 0:00,420.06,438.97,413.29,420.66
4/13/2014 0:00,420.66,426.64,394.34,414.95
4/14/2014 0:00,414.95,471.04,406.95,457.63
4/15/2014 0:00,457.63,525.09,452.48,520.12
4/16/2014 0:00,520.12,543.48,493.38,529.16
4/17/2014 0:00,529.16,534.14,481.57,494.4
4/18/2014 0:00,494.4,498.01,468.33,478.23
4/19/2014 0:00,478.23,502.88,468.02,501.55
4/20/2014 0:00,501.55,511.87,489.36,497.32
4/21/2014 0:00,497.32,510.61,489.15,493.09
4/22/2014 0:00,493.09,499.39,483,484.43
4/23/2014 0:00,484.43,490.04,480.71,486.93
4/24/2014 0:00,486.93,500.76,477.66,500.26
4/25/2014 0:00,500.26,500.29,440.31,459.61
4/26/2014 0:00,459.61,463.35,447.66,456.14
4/27/2014 0:00,456.14,457.59,429.65,429.65
4/28/2014 0:00,429.65,445.78,421.33,437.06
4/29/2014 0:00,437.06,449.12,431.29,444.25
4/30/2014 0:00,444.25,448.79,433.07,445.87
5/1/2014 0:00,445.87,459.71,445.76,456.27
5/2/2014 0:00,456.27,457.08,440.12,446.64
5/3/2014 0:00,446.64,446.92,428.65,436.94
5/4/2014 0:00,436.94,438.58,428.52,434.06
5/5/2014 0:00,434.06,438.6,425.52,429.72
5/6/2014 0:00,429.72,431.56,418.11,426.99
5/7/2014 0:00,426.99,446.66,423.34,436.96
5/8/2014 0:00,436.96,445.18,435.17,435.34
5/9/2014 0:00,435.34,451.5,434.61,448.23
5/10/2014 0:00,448.23,453.66,446.5,452.71
5/11/2014 0:00,452.71,453.43,430.53,436.54
5/12/2014 0:00,436.54,440.22,431.63,438.43
5/13/2014 0:00,438.43,439.57,433.19,437.41
5/14/2014 0:00,437.41,445.12,437.08,441.75
5/15/2014 0:00,441.75,447.78,441.37,444.32
5/16/2014 0:00,444.32,447.3,442.05,445.01
5/17/2014 0:00,445.01,446.92,443.78,446.36
5/18/2014 0:00,446.36,446.54,443.38,444.81
5/19/2014 0:00,444.81,445.77,442.22,444.31
5/20/2014 0:00,444.31,494.29,443.83,485.83
5/21/2014 0:00,485.83,494.75,484.24,489.16
5/22/2014 0:00,489.16,526.9,487.71,526.06
5/23/2014 0:00,526.06,543.31,517.43,519.04
5/24/2014 0:00,519.04,525.63,511.91,525.63
5/25/2014 0:00,525.63,579.5,525.28,570.09
5/26/2014 0:00,570.09,590.11,564.79,581.83
5/27/2014 0:00,581.83,591.41,549.81,569.63
5/28/2014 0:00,569.63,577.05,560.62,574.45
5/29/2014 0:00,574.45,576.08,556.41,565.51
5/30/2014 0:00,565.51,622.61,565.25,616.47
5/31/2014 0:00,616.47,624.36,603.3,623.26
6/1/2014 0:00,623.26,676.75,618.61,629.02
6/2/2014 0:00,629.02,667.34,611.31,658.79
6/3/2014 0:00,658.79,675.91,646.35,665.73
6/4/2014 0:00,665.73,667.39,616.95,636.78
6/5/2014 0:00,636.78,665.14,635.86,656.06
6/6/2014 0:00,656.06,658.03,645.56,645.56
6/7/2014 0:00,645.56,653,635.85,652.71
6/8/2014 0:00,652.71,657.09,649.59,653.64
6/9/2014 0:00,653.64,654.42,637.63,645.34
6/10/2014 0:00,645.34,658.02,641.42,649.81
6/11/2014 0:00,649.81,654.96,626.16,627.91
6/12/2014 0:00,627.91,634.51,562.84,581.8
6/13/2014 0:00,581.8,613.73,581.38,597.43
6/14/2014 0:00,597.43,598.28,541.53,571.69
6/15/2014 0:00,571.69,592.19,551.45,591.97
6/16/2014 0:00,591.97,606.86,584.94,588.06
6/17/2014 0:00,588.06,609.3,585.96,607.34
6/18/2014 0:00,607.34,614.17,599.94,604.88
6/19/2014 0:00,604.88,606.08,591.76,592.26
6/20/2014 0:00,592.26,595.24,581.51,588.52
6/21/2014 0:00,588.52,593.72,581.31,591.03
6/22/2014 0:00,591.03,603.3,590.71,598.88
6/23/2014 0:00,598.88,599.79,581.03,587.46
6/24/2014 0:00,587.46,590.71,574.32,575.07
6/25/2014 0:00,575.07,578.55,558.69,562.13
6/26/2014 0:00,562.13,580.14,560.3,579.38
6/27/2014 0:00,579.38,600.86,576.5,600.86
6/28/2014 0:00,600.86,604.52,591.48,591.99
6/29/2014 0:00,591.99,600.65,588.34,598.6
6/30/2014 0:00,598.6,643.43,596.33,639.36
7/1/2014 0:00,639.36,654.77,635.53,635.59
7/2/2014 0:00,635.59,653.82,627.93,647.34
7/3/2014 0:00,647.34,647.72,635.45,640.69
7/4/2014 0:00,640.69,644.99,626.23,626.96
7/5/2014 0:00,626.96,630.65,624.7,628.33
7/6/2014 0:00,628.33,636.09,627.56,631.71
7/7/2014 0:00,631.71,633.29,612.28,617.99
7/8/2014 0:00,617.99,623.68,615.9,620.22
7/9/2014 0:00,620.22,624.03,616.35,620.55
7/10/2014 0:00,620.55,621.59,608.58,615.11
7/11/2014 0:00,615.11,631.58,613.08,631.18
7/12/2014 0:00,631.18,636.64,626.22,634.48
7/13/2014 0:00,634.48,635.12,625.81,627.58
7/14/2014 0:00,627.58,627.94,616.16,618.38
7/15/2014 0:00,618.38,622.6,617.87,619.36
7/16/2014 0:00,619.36,620.72,612.89,615.2
7/17/2014 0:00,615.2,627.07,612,622.62
7/18/2014 0:00,622.62,628.22,616.66,628.22
7/19/2014 0:00,628.22,628.78,623.89,625.8
7/20/2014 0:00,625.8,625.8,618.8,621.37
7/21/2014 0:00,621.37,621.66,616.25,620.01
7/22/2014 0:00,620.01,622.59,618.81,618.81
7/23/2014 0:00,618.81,619.97,617.18,617.93
7/24/2014 0:00,617.93,618.6,591.58,600.01
7/25/2014 0:00,600.01,606.22,593.79,599.93
7/26/2014 0:00,599.93,599.93,590.21,593.85
7/27/2014 0:00,593.85,598.24,590.02,590.95
7/28/2014 0:00,590.95,623.06,511.87,584.69
7/29/2014 0:00,584.69,586.76,577.41,582.2
7/30/2014 0:00,582.2,582.2,560.2,564.37
7/31/2014 0:00,564.37,588.04,559.85,581.35
8/1/2014 0:00,581.35,601.94,581.35,595.08
8/2/2014 0:00,595.08,595.15,584.09,587.29
8/3/2014 0:00,587.29,588.43,577.82,585.51
8/4/2014 0:00,585.51,592.85,582.41,586.76
8/5/2014 0:00,586.76,588.09,580.07,583.11
8/6/2014 0:00,583.11,586.97,578.58,583.04
8/7/2014 0:00,583.04,590.83,581.94,587.4
8/8/2014 0:00,587.4,598.78,587.3,590.53
8/9/2014 0:00,590.53,590.53,585.1,588.09
8/10/2014 0:00,588.09,593.72,585.86,589.45
8/11/2014 0:00,589.45,589.87,570.64,573.31
8/12/2014 0:00,573.31,573.94,563,568.21
8/13/2014 0:00,568.21,571.22,524.45,544.57
8/14/2014 0:00,544.57,544.62,495.45,508.55
8/15/2014 0:00,508.55,517.25,483.58,496.62
8/16/2014 0:00,496.62,522.25,484.45,519.83
8/17/2014 0:00,519.83,520.04,482.91,492.95
8/18/2014 0:00,492.95,500.95,435.84,460.67
8/19/2014 0:00,460.67,488.69,451.41,486.74
8/20/2014 0:00,486.74,521.15,464.61,511.93
8/21/2014 0:00,511.93,532.99,511.21,516.16
8/22/2014 0:00,516.16,522.31,500.29,513.94
8/23/2014 0:00,513.94,513.97,490.82,497.22
8/24/2014 0:00,497.22,513.46,496.36,508.57
8/25/2014 0:00,508.57,508.7,497.88,501.63
8/26/2014 0:00,501.63,513.62,501.36,513.47
8/27/2014 0:00,513.47,521.59,510.03,510.43
8/28/2014 0:00,510.43,515.91,505.14,507.02
8/29/2014 0:00,507.02,512.3,502.64,508.42
8/30/2014 0:00,508.42,508.45,499.54,501.2
8/31/2014 0:00,501.2,502.73,475.29,478.07
9/1/2014 0:00,478.07,486.06,471.96,474.13
9/2/2014 0:00,474.13,483.4,471.07,475.32
9/3/2014 0:00,475.32,479.8,472.8,474.54
9/4/2014 0:00,474.54,494.29,474.1,489.09
9/5/2014 0:00,489.09,490.51,478.89,480.5
9/6/2014 0:00,480.5,484.9,479.53,482.24
9/7/2014 0:00,482.24,485.56,479.48,479.48
9/8/2014 0:00,479.48,479.82,464.71,472.15
9/9/2014 0:00,472.15,474.51,464.78,471.56
9/10/2014 0:00,471.56,487.33,471.56,477.53
9/11/2014 0:00,477.53,480.57,471.25,476.33
9/12/2014 0:00,476.33,476.5,467.28,473.83
9/13/2014 0:00,473.83,479.26,471.21,477.09
9/14/2014 0:00,477.09,477.89,473.44,474.71
9/15/2014 0:00,474.71,476.63,471.36,471.36
9/16/2014 0:00,471.36,472.99,461.88,463.74
9/17/2014 0:00,463.74,465.57,448.28,454.91
9/18/2014 0:00,454.91,455.35,405.37,421.46
9/19/2014 0:00,421.46,426.67,380.81,391.94
9/20/2014 0:00,391.94,423.19,386.14,406.82
9/21/2014 0:00,406.82,410.28,390.89,396.57
9/22/2014 0:00,396.57,405.25,392.8,398.89
9/23/2014 0:00,398.89,443.76,391.53,435.38
9/24/2014 0:00,435.38,436.98,419.17,422.3
9/25/2014 0:00,422.3,422.85,406.75,408.8
9/26/2014 0:00,408.8,414.33,396.21,401.92
9/27/2014 0:00,401.92,405.26,394.33,398.36
9/28/2014 0:00,398.36,400.54,370.21,376.2
9/29/2014 0:00,376.2,385.72,369.33,374.73
9/30/2014 0:00,374.73,394.17,372.11,386.27
10/1/2014 0:00,386.27,390.47,377.13,381.33
10/2/2014 0:00,381.33,382.8,369.57,371.99
10/3/2014 0:00,371.99,374.63,353.87,356.56
10/4/2014 0:00,356.56,362.18,321.95,325.49
10/5/2014 0:00,325.49,339.7,286.56,319.64
10/6/2014 0:00,319.64,343.75,301.41,328.46
10/7/2014 0:00,328.46,339.33,316.97,334.09
10/8/2014 0:00,334.09,354.37,325.51,352.79
10/9/2014 0:00,352.79,382.79,347.37,363.78
10/10/2014 0:00,363.78,375.12,351.7,358.69
10/11/2014 0:00,358.69,365.97,350.66,359.2
10/12/2014 0:00,359.2,377.97,352.57,376.19
10/13/2014 0:00,376.19,395.03,366.83,388.38
10/14/2014 0:00,388.38,409.89,388.3,398.71
10/15/2014 0:00,398.71,399.03,386.6,391.84
10/16/2014 0:00,391.84,396.27,369.53,380.08
10/17/2014 0:00,380.08,382.87,371.91,380.42
10/18/2014 0:00,380.42,393.12,375.57,388.96
10/19/2014 0:00,388.96,391.79,383.67,386.59
10/20/2014 0:00,386.59,386.92,377.19,379.37
10/21/2014 0:00,379.37,388.97,377.36,382.38
10/22/2014 0:00,382.38,384.5,377.85,379.1
10/23/2014 0:00,379.1,381.03,353.79,355.86
10/24/2014 0:00,355.86,360.61,351.21,355.17
10/25/2014 0:00,355.17,356.37,339.97,346.11
10/26/2014 0:00,346.11,358.04,343.45,351.54
10/27/2014 0:00,351.54,355.63,346.14,348.96
10/28/2014 0:00,348.96,354.76,348.02,351.9
10/29/2014 0:00,351.9,352.13,332.72,333.38
10/30/2014 0:00,333.38,350.44,332.88,343.78
10/31/2014 0:00,343.78,346.88,335.7,336.8
11/1/2014 0:00,336.8,338.45,320.32,325.39
11/2/2014 0:00,325.39,328.8,319.41,323.74
11/3/2014 0:00,323.74,333.76,323.56,324.23
11/4/2014 0:00,324.23,330.28,321.01,328.28
11/5/2014 0:00,328.28,341.68,328.28,337.14
11/6/2014 0:00,337.14,351.61,336.08,348.23
11/7/2014 0:00,348.23,351.47,340.19,341.08
11/8/2014 0:00,341.08,345.91,340.76,344.03
11/9/2014 0:00,344.03,363.99,342.55,363.31
11/10/2014 0:00,363.31,374.73,357.5,365.29
11/11/2014 0:00,365.29,370.92,360.58,366.99
11/12/2014 0:00,366.99,431.99,366.99,427.24
11/13/2014 0:00,427.24,458.15,385.87,417.15
11/14/2014 0:00,417.15,418.26,381.94,398.43
11/15/2014 0:00,398.43,406.18,368.6,375.13
11/16/2014 0:00,375.13,393.29,372.79,388.55
11/17/2014 0:00,388.55,410.21,375.6,385.86
11/18/2014 0:00,385.86,390.78,369.7,372.38
11/19/2014 0:00,372.38,385.33,371.44,377.24
11/20/2014 0:00,377.24,379.2,353.52,356.14
11/21/2014 0:00,356.14,356.21,342.2,348.86
11/22/2014 0:00,348.86,363.78,348.86,352.04
11/23/2014 0:00,352.04,370.86,351.74,366.77
11/24/2014 0:00,366.77,388.73,365.15,375.24
11/25/2014 0:00,375.24,393.26,374.12,375.72
11/26/2014 0:00,375.72,377.74,365.32,368.51
11/27/2014 0:00,368.51,373.45,367.56,369.14
11/28/2014 0:00,369.14,381.61,358.18,375.85
11/29/2014 0:00,375.85,385.65,372.35,375.22
11/30/2014 0:00,375.22,381.75,373.56,377.09
12/1/2014 0:00,377.09,382.66,375.49,378.64
12/2/2014 0:00,378.64,383.72,377.71,381.54
12/3/2014 0:00,381.54,383.08,374.11,374.97
12/4/2014 0:00,374.97,378.2,367.46,369.15
12/5/2014 0:00,369.15,378.34,365.68,376.04
12/6/2014 0:00,376.04,377.78,371.03,374.02
12/7/2014 0:00,374.02,375.92,372.78,374.26
12/8/2014 0:00,374.26,375.15,360.94,360.94
12/9/2014 0:00,360.94,362.28,344.29,351.27
12/10/2014 0:00,351.27,351.77,344.62,344.62
12/11/2014 0:00,344.62,361.11,337.68,347.13
12/12/2014 0:00,347.13,354.23,346.47,350.94
12/13/2014 0:00,350.94,351.11,344.9,347.47
12/14/2014 0:00,347.47,353.23,345.75,351.14
12/15/2014 0:00,351.14,351.25,344.01,345.1
12/16/2014 0:00,345.1,345.29,325.73,326.08
12/17/2014 0:00,326.08,333.26,314.58,319.17
12/18/2014 0:00,319.17,323.41,303.92,310.75
12/19/2014 0:00,310.75,317.74,306.47,317.01
12/20/2014 0:00,317.01,330.95,315.24,329.57
12/21/2014 0:00,329.57,329.57,317.62,319.24
12/22/2014 0:00,319.24,332.5,319.04,330.67
12/23/2014 0:00,330.67,335.95,328.22,334.05
12/24/2014 0:00,334.05,334.07,320.59,321.88
12/25/2014 0:00,321.88,322.36,317.08,318.61
12/26/2014 0:00,318.61,330.61,316.31,327.16
12/27/2014 0:00,327.16,327.95,312.16,315.17
12/28/2014 0:00,315.17,318.45,310.7,316.8
12/29/2014 0:00,316.8,319.78,311.84,312.44
12/30/2014 0:00,312.44,314.53,308.95,309.87
12/31/2014 0:00,309.87,319.7,309.42,319.7
1/1/2015 0:00,319.7,319.7,313.62,313.92
1/2/2015 0:00,313.92,315.72,312.77,314.59
1/3/2015 0:00,314.59,314.9,279.85,279.85
1/4/2015 0:00,279.85,286.36,257.09,263.63
1/5/2015 0:00,263.63,278,263.63,272.95
1/6/2015 0:00,272.95,287.21,271.11,285.58
1/7/2015 0:00,285.58,300.3,283.06,294.88
1/8/2015 0:00,294.88,294.98,282.58,283.25
1/9/2015 0:00,283.25,291.45,280.41,288.84
1/10/2015 0:00,288.84,289.67,272.86,274.07
1/11/2015 0:00,274.07,279.07,263.94,265.37
1/12/2015 0:00,265.37,271.79,264.26,267.09
1/13/2015 0:00,267.09,267.3,219.69,226.98
1/14/2015 0:00,226.98,226.98,170.21,177.28
1/15/2015 0:00,177.28,229.31,174.94,210.46
1/16/2015 0:00,210.46,222.01,199.18,207.22
1/17/2015 0:00,207.22,211.51,195.19,199.62
1/18/2015 0:00,199.62,218.98,194.55,209.93
1/19/2015 0:00,209.93,216.68,206.66,213.98
1/20/2015 0:00,213.98,214.41,204.8,210.48
1/21/2015 0:00,210.48,226.9,210.48,225.98
1/22/2015 0:00,225.98,236.84,225.16,232.66
1/23/2015 0:00,232.66,235.03,224.4,232.97
1/24/2015 0:00,232.97,248.44,230.21,247.99
1/25/2015 0:00,247.99,255.76,243.3,254.51
1/26/2015 0:00,254.51,307.97,254.51,271.95
1/27/2015 0:00,271.95,274.88,250.94,262.06
1/28/2015 0:00,262.06,265.14,225.27,233.21
1/29/2015 0:00,233.21,238.06,220.1,232.4
1/30/2015 0:00,232.4,242.72,225.29,226.5
1/31/2015 0:00,226.5,233.53,216.11,216.91
2/1/2015 0:00,216.91,231.92,211.53,226.4
2/2/2015 0:00,226.4,242.22,222.22,237.54
2/3/2015 0:00,237.54,246.19,224.11,226.96
2/4/2015 0:00,226.96,230.02,220.72,226.73
2/5/2015 0:00,226.73,227.96,214.66,216.77
2/6/2015 0:00,216.77,225.54,216.37,222.48
2/7/2015 0:00,222.48,230.16,222.48,227.33
2/8/2015 0:00,227.33,229.33,219.96,222.87
2/9/2015 0:00,222.87,223.95,217.04,220.17
2/10/2015 0:00,220.17,222.21,215.45,220.08
2/11/2015 0:00,220.08,223.55,218.17,219.49
2/12/2015 0:00,219.49,222.18,217.62,221.85
2/13/2015 0:00,221.85,240.24,221.07,235.79
2/14/2015 0:00,235.79,260.46,235.75,257.47
2/15/2015 0:00,257.47,267.35,226.91,234.33
2/16/2015 0:00,234.33,239.59,228.31,233.56
2/17/2015 0:00,233.56,246.14,232.13,243.6
2/18/2015 0:00,243.6,244.35,231.75,236.21
2/19/2015 0:00,236.21,243.11,235.46,239.83
2/20/2015 0:00,239.83,247.14,239.22,243.78
2/21/2015 0:00,243.78,246.46,242.93,244.26
2/22/2015 0:00,244.26,246.23,233.07,235.53
2/23/2015 0:00,235.53,239.63,231.77,238.08
2/24/2015 0:00,238.08,239.49,235.74,238.76
2/25/2015 0:00,238.76,239.36,235.55,237.25
2/26/2015 0:00,237.25,237.77,233.86,236.1
2/27/2015 0:00,236.1,257.5,235.65,252.51
2/28/2015 0:00,252.51,254.19,248.78,253.53
3/1/2015 0:00,253.53,260.64,244.97,258.74
3/2/2015 0:00,258.74,272.47,257.06,271.35
3/3/2015 0:00,271.35,286.28,267.04,281.45
3/4/2015 0:00,281.45,283.38,266.47,271.92
3/5/2015 0:00,271.92,280.4,263.63,274.86
3/6/2015 0:00,274.86,276.7,269.39,272.21
3/7/2015 0:00,272.21,277.7,269.62,275.89
3/8/2015 0:00,275.89,277.34,271.98,274.48
3/9/2015 0:00,274.48,291.96,274,288.52
3/10/2015 0:00,288.52,300.34,288.52,290.51
3/11/2015 0:00,290.51,296.74,288.88,295.83
3/12/2015 0:00,295.83,296.74,291.83,293.87
3/13/2015 0:00,293.87,293.99,284.28,284.28
3/14/2015 0:00,284.28,286.19,280.27,281.36
3/15/2015 0:00,281.36,286.15,280.67,285.34
3/16/2015 0:00,285.34,293.93,285.31,290.38
3/17/2015 0:00,290.38,291.75,283.4,284.46
3/18/2015 0:00,284.46,284.59,248.73,255.37
3/19/2015 0:00,255.37,263.09,246.78,259.74
3/20/2015 0:00,259.74,264.24,258.39,260.84
3/21/2015 0:00,260.84,262.14,254.79,259.62
3/22/2015 0:00,259.62,269.98,259.07,267.8
3/23/2015 0:00,267.8,270.04,260.65,265.94
3/24/2015 0:00,265.94,266.4,242.88,245.44
3/25/2015 0:00,245.44,249.2,236.05,246.13
3/26/2015 0:00,246.13,254.44,244.72,247.65
3/27/2015 0:00,247.65,249.21,244.38,246.58
3/28/2015 0:00,246.58,254.11,246.18,252.25
3/29/2015 0:00,252.25,252.38,239.43,242.02
3/30/2015 0:00,242.02,248.6,236.44,246.85
3/31/2015 0:00,246.85,248.18,241.14,243.39
4/1/2015 0:00,243.39,247.06,240.13,246.55
4/2/2015 0:00,246.55,254.2,244.29,252.26
4/3/2015 0:00,252.26,255.75,251.17,253.54
4/4/2015 0:00,253.54,254.58,250.34,253.12
4/5/2015 0:00,253.12,260.09,251.12,259.95
4/6/2015 0:00,259.95,261.15,253.18,254.52
4/7/2015 0:00,254.52,255.23,251.09,252.8
4/8/2015 0:00,252.8,253.38,242.59,244.36
4/9/2015 0:00,244.36,245.72,237.9,243.26
4/10/2015 0:00,243.26,243.42,231.78,235.22
4/11/2015 0:00,235.22,239.65,233.42,236.12
4/12/2015 0:00,236.12,237.11,232.65,235.64
4/13/2015 0:00,235.64,236.79,220.58,223.41
4/14/2015 0:00,223.41,224.27,215.46,218.27
4/15/2015 0:00,218.27,223.6,217.84,223.57
4/16/2015 0:00,223.57,229.28,223.28,228.11
4/17/2015 0:00,228.11,228.37,221.11,222.23
4/18/2015 0:00,222.23,223.87,220.12,222.84
4/19/2015 0:00,222.84,226.13,221.5,221.69
4/20/2015 0:00,221.69,226.22,221.13,224.31
4/21/2015 0:00,224.31,235.92,223.7,235.81
4/22/2015 0:00,235.81,238.18,230.97,233.92
4/23/2015 0:00,233.92,236.33,232.81,235.56
4/24/2015 0:00,235.56,235.8,229.25,230.79
4/25/2015 0:00,230.79,232.11,225.8,225.85
4/26/2015 0:00,225.85,226.44,214.28,218.81
4/27/2015 0:00,218.81,232.54,217.5,228.5
4/28/2015 0:00,228.5,230.4,222.87,225.68
4/29/2015 0:00,225.68,227.17,223.21,225.98
4/30/2015 0:00,225.98,240.27,225.42,236.57
5/1/2015 0:00,236.57,239.34,231.91,232.12
5/2/2015 0:00,232.12,235.82,232.12,234.9
5/3/2015 0:00,234.9,243.62,233.82,240.12
5/4/2015 0:00,240.12,242.83,237.55,238.77
5/5/2015 0:00,238.77,239.22,231.9,236.55
5/6/2015 0:00,236.55,236.87,228.74,230.05
5/7/2015 0:00,230.05,239.93,228.72,237.78
5/8/2015 0:00,237.78,246.08,236.09,243.39
5/9/2015 0:00,243.39,247.73,238.17,240.48
5/10/2015 0:00,240.48,244.28,237.76,239.63
5/11/2015 0:00,239.63,244.07,238.78,241.85
5/12/2015 0:00,241.85,242.84,239.46,240.99
5/13/2015 0:00,240.99,243.65,234.1,235.8
5/14/2015 0:00,235.8,238.32,232.58,236.74
5/15/2015 0:00,236.74,238.64,235.64,237.31
5/16/2015 0:00,237.31,237.45,234.69,235.73
5/17/2015 0:00,235.73,237.59,235.5,236.1
5/18/2015 0:00,236.1,236.85,231.74,232.87
5/19/2015 0:00,232.87,234,231.75,231.94
5/20/2015 0:00,231.94,234.89,231.72,234.25
5/21/2015 0:00,234.25,236.45,233.84,235.3
5/22/2015 0:00,235.3,241.4,235.03,240.52
5/23/2015 0:00,240.52,241.68,238.44,239.03
5/24/2015 0:00,239.03,244.19,236.86,241.19
5/25/2015 0:00,241.19,241.58,236.67,237.49
5/26/2015 0:00,237.49,238.73,235.7,237.33
5/27/2015 0:00,237.33,238.8,236.43,237.18
5/28/2015 0:00,237.18,237.9,236.54,237.47
5/29/2015 0:00,237.47,237.56,235.44,237.1
5/30/2015 0:00,237.1,237.14,231.99,233.29
5/31/2015 0:00,233.29,233.4,229.12,230
6/1/2015 0:00,230,231.78,221.71,223.31
6/2/2015 0:00,223.31,226.67,222.85,225.75
6/3/2015 0:00,225.75,227.39,223.8,225.65
6/4/2015 0:00,225.65,226.48,223.86,224.37
6/5/2015 0:00,224.37,226.03,223.08,225.04
6/6/2015 0:00,225.04,226.01,224.43,225.68
6/7/2015 0:00,225.68,226.33,222.81,223.39
6/8/2015 0:00,223.39,229.77,223.38,228.65
6/9/2015 0:00,228.65,231.16,227.95,229.33
6/10/2015 0:00,229.33,230.15,227.95,228.95
6/11/2015 0:00,228.95,230.39,228.85,230.02
6/12/2015 0:00,230.02,231.56,229.6,230.2
6/13/2015 0:00,230.2,233.13,229.42,232.75
6/14/2015 0:00,232.75,235.53,232.39,233.85
6/15/2015 0:00,233.85,238.6,233.78,237.31
6/16/2015 0:00,237.31,254.1,236.48,250.9
6/17/2015 0:00,250.9,257.87,246.03,249.17
6/18/2015 0:00,249.17,251.67,243.47,248.87
6/19/2015 0:00,248.87,250.66,242.56,243.55
6/20/2015 0:00,243.55,246.47,239.56,245.26
6/21/2015 0:00,245.26,245.32,241.57,244.01
6/22/2015 0:00,244.01,248.21,243.52,246.77
6/23/2015 0:00,246.77,247.27,242.87,243.99
6/24/2015 0:00,243.99,244.01,239.97,240.22
6/25/2015 0:00,240.22,243.62,239.93,242.42
6/26/2015 0:00,242.42,242.92,240.67,242.64
6/27/2015 0:00,242.64,251.09,242.15,250.71
6/28/2015 0:00,250.71,250.71,246.67,248.07
6/29/2015 0:00,248.07,256.71,247.97,256.49
6/30/2015 0:00,256.49,268.23,255.38,262.48
7/1/2015 0:00,262.48,264.54,254.74,257.66
7/2/2015 0:00,257.66,260.96,253.41,254.35
7/3/2015 0:00,254.35,256.09,252.29,255.6
7/4/2015 0:00,255.6,261.06,253.01,260.35
7/5/2015 0:00,260.35,273.82,257.67,271.02
7/6/2015 0:00,271.02,276.27,266.84,268.49
7/7/2015 0:00,268.49,270.18,263.11,264.96
7/8/2015 0:00,264.96,272.38,263.56,269.65
7/9/2015 0:00,269.65,271.98,265.47,268.11
7/10/2015 0:00,268.11,295.01,267.69,283.88
7/11/2015 0:00,283.88,298.58,282.48,291.69
7/12/2015 0:00,291.69,313.77,290.9,309.98
7/13/2015 0:00,309.98,310.09,277.76,290.88
7/14/2015 0:00,290.88,295.88,285.34,286.19
7/15/2015 0:00,286.19,292.33,282.45,283.82
7/16/2015 0:00,283.82,289.94,274.43,277.83
7/17/2015 0:00,277.83,279.66,271.62,278.49
7/18/2015 0:00,278.49,282.31,273.08,274.49
7/19/2015 0:00,274.49,276.63,272.29,272.49
7/20/2015 0:00,272.49,278.47,271.63,278.41
7/21/2015 0:00,278.41,280.47,274.8,275.1
7/22/2015 0:00,275.1,277.01,273.87,276.62
7/23/2015 0:00,276.62,277.49,275.21,275.63
7/24/2015 0:00,275.63,289.58,275.09,287.97
7/25/2015 0:00,287.97,290.59,285.63,288.13
7/26/2015 0:00,288.13,292.51,287.23,291.64
7/27/2015 0:00,291.64,295.68,285.93,292.73
7/28/2015 0:00,292.73,296.15,292.11,293.79
7/29/2015 0:00,293.79,293.91,287.8,288.77
7/30/2015 0:00,288.77,289.72,285.51,287.29
7/31/2015 0:00,287.29,288.58,281.77,283.94
8/1/2015 0:00,283.94,284.31,276.98,280.04
8/2/2015 0:00,280.04,282.13,276.69,281.65
8/3/2015 0:00,281.65,284.79,279.33,280.48
8/4/2015 0:00,280.48,285.18,280.46,284.5
8/5/2015 0:00,284.5,285.04,281.02,281.38
8/6/2015 0:00,281.38,281.38,277.79,278.25
8/7/2015 0:00,278.25,279.72,275.49,279.03
8/8/2015 0:00,279.03,279.21,259.27,260.2
8/9/2015 0:00,260.2,266.8,259.7,264.44
8/10/2015 0:00,264.44,266.35,261.96,263.76
8/11/2015 0:00,263.76,270.97,263.64,270.92
8/12/2015 0:00,270.92,271.2,264.81,265.64
8/13/2015 0:00,265.64,265.95,262.17,263.34
8/14/2015 0:00,263.34,267.06,261.13,264.87
8/15/2015 0:00,264.87,265.99,260.13,260.73
8/16/2015 0:00,260.73,261.7,255.74,257.67
8/17/2015 0:00,257.67,259.64,256.05,256.98
8/18/2015 0:00,256.98,257.12,214.03,219
8/19/2015 0:00,219,236.55,219,225.39
8/20/2015 0:00,225.39,236.63,225.39,234.69
8/21/2015 0:00,234.69,235.86,230.82,231.94
8/22/2015 0:00,231.94,234.27,221.82,229.74
8/23/2015 0:00,229.74,232.03,224.98,227.59
8/24/2015 0:00,227.59,227.59,208.79,209.13
8/25/2015 0:00,209.13,226.28,198.23,221.71
8/26/2015 0:00,221.71,230.4,219.71,225.38
8/27/2015 0:00,225.38,228.03,222.85,224.26
8/28/2015 0:00,224.26,234.72,219.91,230.98
8/29/2015 0:00,230.98,232.93,227,229.76
8/30/2015 0:00,229.76,231.77,225.32,228.61
8/31/2015 0:00,228.61,231.88,224.81,230.02
9/1/2015 0:00,230.02,231.21,226.08,227.35
9/2/2015 0:00,227.35,230.06,225.67,228.86
9/3/2015 0:00,228.86,229.25,226.12,226.76
9/4/2015 0:00,226.76,230.61,226.54,230.09
9/5/2015 0:00,230.09,236.26,229.16,234.68
9/6/2015 0:00,234.68,243.14,234.4,239.44
9/7/2015 0:00,239.44,242.19,238.34,240.02
9/8/2015 0:00,240.02,245.83,239.84,243.55
9/9/2015 0:00,243.55,244.49,237.41,238.29
9/10/2015 0:00,238.29,240.72,235.68,238.59
9/11/2015 0:00,238.59,241.15,238.55,240.08
9/12/2015 0:00,240.08,240.11,234.19,234.82
9/13/2015 0:00,234.82,235.64,228.98,230.33
9/14/2015 0:00,230.33,232.49,227.78,230.24
9/15/2015 0:00,230.24,231.56,229.41,229.92
9/16/2015 0:00,229.92,231.01,226.69,228.8
9/17/2015 0:00,228.8,234.62,228.39,232.79
9/18/2015 0:00,232.79,234.31,231.76,232.72
9/19/2015 0:00,232.72,233.2,230.83,231.24
9/20/2015 0:00,231.24,232.08,230.66,230.86
9/21/2015 0:00,230.86,231.26,226.15,226.61
9/22/2015 0:00,226.61,232.11,224.6,230.52
9/23/2015 0:00,230.52,231.74,229.16,229.96
9/24/2015 0:00,229.96,235.54,229.94,234.28
9/25/2015 0:00,234.28,237.11,233.5,234.84
9/26/2015 0:00,234.84,235.14,233.18,234.21
9/27/2015 0:00,234.21,234.48,232.65,232.85
9/28/2015 0:00,232.85,239.69,232.77,239.34
9/29/2015 0:00,239.34,240.32,236.16,236.62
9/30/2015 0:00,236.62,238.12,235.44,236.25
10/1/2015 0:00,236.25,238.95,235.96,237.57
10/2/2015 0:00,237.57,238.83,236.98,237.4
10/3/2015 0:00,237.4,239.6,237.23,239.09
10/4/2015 0:00,239.09,239.5,238.45,238.69
10/5/2015 0:00,238.69,240.65,237.22,240.59
10/6/2015 0:00,240.59,247.57,240.34,246.42
10/7/2015 0:00,246.42,246.95,242.8,243.27
10/8/2015 0:00,243.27,244.71,242.58,242.69
10/9/2015 0:00,242.69,244.45,242.36,244.32
10/10/2015 0:00,244.32,245.59,243.28,245.33
10/11/2015 0:00,245.33,248.22,244.77,247.53
10/12/2015 0:00,247.53,247.77,245.07,245.59
10/13/2015 0:00,245.59,250.55,243.88,249.94
10/14/2015 0:00,249.94,254.94,249.27,252.59
10/15/2015 0:00,252.59,256.66,252.54,254.81
10/16/2015 0:00,254.81,266.96,254.57,262.94
10/17/2015 0:00,262.94,274.54,262.7,271.2
10/18/2015 0:00,271.2,272.28,261.38,262.9
10/19/2015 0:00,262.9,265.54,261.63,264.42
10/20/2015 0:00,264.42,272.22,264.02,270.22
10/21/2015 0:00,270.22,271.59,264.12,267.33
10/22/2015 0:00,267.33,278.61,267.3,274.41
10/23/2015 0:00,274.41,279.11,274.23,277.46
10/24/2015 0:00,277.46,282.96,277.45,282.66
10/25/2015 0:00,282.66,294.61,282.45,283.07
10/26/2015 0:00,283.07,286.14,280.9,286.13
10/27/2015 0:00,286.13,297.16,286.1,294.4
10/28/2015 0:00,294.4,306.59,294.4,303.89
10/29/2015 0:00,303.89,318.72,301.06,313.59
10/30/2015 0:00,313.59,333.75,313.39,326
10/31/2015 0:00,326,331.04,306.73,312.43
11/1/2015 0:00,312.43,327.72,310.32,325.08
11/2/2015 0:00,325.08,364.77,322.07,359.35
11/3/2015 0:00,359.35,416.62,355.81,400.71
11/4/2015 0:00,400.71,492.4,374.33,408.74
11/5/2015 0:00,408.74,447.25,375.47,387.51
11/6/2015 0:00,387.51,395.99,353.62,374.95
11/7/2015 0:00,374.95,392.29,372.32,384.8
11/8/2015 0:00,384.8,389.85,366.47,373.49
11/9/2015 0:00,373.49,386.63,361.54,380.04
11/10/2015 0:00,380.04,381.72,326.32,337.93
11/11/2015 0:00,337.93,341.32,298.75,312.58
11/12/2015 0:00,312.58,345.6,312.58,336.86
11/13/2015 0:00,336.86,342.57,325.74,337.29
11/14/2015 0:00,337.29,339.3,329.19,333.55
11/15/2015 0:00,333.55,335.34,316.32,319.93
11/16/2015 0:00,319.93,333.01,315.42,331.59
11/17/2015 0:00,331.59,340.35,330.5,335.77
11/18/2015 0:00,335.77,337.16,329.91,334.97
11/19/2015 0:00,334.97,335.63,324.82,326.31
11/20/2015 0:00,326.31,326.76,311.75,321.99
11/21/2015 0:00,321.99,328.37,318.82,327.17
11/22/2015 0:00,327.17,327.22,320.99,324.34
11/23/2015 0:00,324.34,326.06,321.26,323.26
11/24/2015 0:00,323.26,323.26,317.42,320.16
11/25/2015 0:00,320.16,330.56,316.26,328.98
11/26/2015 0:00,328.98,368.51,328.88,353.3
11/27/2015 0:00,353.3,364.06,347.84,358.18
11/28/2015 0:00,358.18,360.15,351.23,357.66
11/29/2015 0:00,357.66,373.64,355.13,371.86
11/30/2015 0:00,371.86,382.49,369.34,376.91
12/1/2015 0:00,376.91,379.2,355.46,362.73
12/2/2015 0:00,362.73,362.73,348.11,359.43
12/3/2015 0:00,359.43,370.8,356.24,361.31
12/4/2015 0:00,361.31,364.18,355.43,363.48
12/5/2015 0:00,363.48,390.64,363.4,388.86
12/6/2015 0:00,388.86,402.3,385.37,388.46
12/7/2015 0:00,388.46,399.84,383.67,395.86
12/8/2015 0:00,395.86,418.14,389.58,418.14
12/9/2015 0:00,418.14,423.91,405.31,418.04
12/10/2015 0:00,418.04,419.97,411.28,415.25
12/11/2015 0:00,415.25,454.2,415.22,453.9
12/12/2015 0:00,453.9,470.88,408.91,435.9
12/13/2015 0:00,435.9,442.47,422.06,433.54
12/14/2015 0:00,433.54,447.77,429.14,443.84
12/15/2015 0:00,443.84,465.65,443.73,465.5
12/16/2015 0:00,465.5,465.5,440.2,455.37
12/17/2015 0:00,455.37,458.46,449.62,455.99
12/18/2015 0:00,455.99,466.46,454.52,463.84
12/19/2015 0:00,463.84,465.99,453.31,462.23
12/20/2015 0:00,462.23,462.43,432.81,442.5
12/21/2015 0:00,442.5,445.53,425.03,437.76
12/22/2015 0:00,437.76,443.22,433.77,435.5
12/23/2015 0:00,435.5,445.19,435,442.84
12/24/2015 0:00,442.84,459.84,442.84,454.85
12/25/2015 0:00,454.85,458.67,450.65,455.31
12/26/2015 0:00,455.31,457.66,406.39,417.22
12/27/2015 0:00,417.22,425.14,408.65,422.52
12/28/2015 0:00,422.52,429.09,417.23,421.26
12/29/2015 0:00,421.26,432.78,419.16,432.62
12/30/2015 0:00,432.62,434.22,421.19,426.14
12/31/2015 0:00,426.14,433.03,417.7,430.05
1/1/2016 0:00,430.05,436.11,427.32,434.46
1/2/2016 0:00,434.46,436.19,431.57,433.59
1/3/2016 0:00,433.59,433.95,424.15,430.36
1/4/2016 0:00,430.36,435.15,429.42,433.49
1/5/2016 0:00,433.49,434.7,429.09,432.25
1/6/2016 0:00,432.25,432.25,426.17,429.46
1/7/2016 0:00,429.46,460.09,429.06,458.28
1/8/2016 0:00,458.28,463.95,447.39,453.37
1/9/2016 0:00,453.37,455.11,447.3,449.14
1/10/2016 0:00,449.14,449.84,441.19,448.96
1/11/2016 0:00,448.96,451.44,443.26,448.38
1/12/2016 0:00,448.38,448.4,432.53,432.88
1/13/2016 0:00,432.88,435.66,422.1,432.04
1/14/2016 0:00,432.04,433.67,427.03,429.73
1/15/2016 0:00,429.73,429.81,358.77,358.77
1/16/2016 0:00,358.77,390.8,353.28,387.66
1/17/2016 0:00,387.66,390.59,378.26,380.21
1/18/2016 0:00,380.21,387.48,374.48,385.84
1/19/2016 0:00,385.84,386.64,376.72,377.74
1/20/2016 0:00,377.74,424.65,374.22,418.74
1/21/2016 0:00,418.74,422.66,405.44,409.94
1/22/2016 0:00,409.94,410.46,374.14,381.76
1/23/2016 0:00,381.76,394.5,381.19,386.19
1/24/2016 0:00,386.19,405.8,386.15,402.61
1/25/2016 0:00,402.61,402.64,386.52,390.66
1/26/2016 0:00,390.66,397.57,388.03,391.43
1/27/2016 0:00,391.43,396.57,390.49,394.63
1/28/2016 0:00,394.63,394.99,377.09,379.38
1/29/2016 0:00,379.38,384.49,363.64,378.2
1/30/2016 0:00,378.2,380.7,375.43,376.94
1/31/2016 0:00,376.94,379.53,364.29,367.13
2/1/2016 0:00,367.13,378.52,365.95,371.25
2/2/2016 0:00,371.25,374.83,371.1,372.88
2/3/2016 0:00,372.88,373.79,366.32,368.93
2/4/2016 0:00,368.93,391.27,368.74,388.61
2/5/2016 0:00,388.61,390.19,384.24,385.34
2/6/2016 0:00,385.34,385.34,370.6,375.4
2/7/2016 0:00,375.4,379.56,372.88,375.28
2/8/2016 0:00,375.28,378.69,370.77,371.1
2/9/2016 0:00,371.1,376.29,370.91,373.32
2/10/2016 0:00,373.32,383.56,372.93,379.96
2/11/2016 0:00,379.96,381.2,373.22,377.72
2/12/2016 0:00,377.72,383.54,377.31,383.13
2/13/2016 0:00,383.13,392.34,383.05,392.18
2/14/2016 0:00,392.18,407.17,392.18,406.74
2/15/2016 0:00,406.74,410.24,395.48,399.48
2/16/2016 0:00,399.48,408.12,399.3,407.36
2/17/2016 0:00,407.36,421.02,405.87,415.56
2/18/2016 0:00,415.56,424.98,415.01,421.64
2/19/2016 0:00,421.64,422.43,415.68,420.33
2/20/2016 0:00,420.33,443.18,420.27,436.52
2/21/2016 0:00,436.52,438.13,436.52,437.97
